ZIP,FUEL TYPE,reg_cnt
80001,DIESEL,0
80001,FLEXIBLE,0
80001,GAS,70
80001,,0
80002,COMPRESSED NATURAL GAS,0
80002,CONVERTIBLE,10
80002,DIESEL,820
80002,ELECTRIC VEHICLE,10
80002,FLEXIBLE,1310
80002,GAS,16600
80002,HYBRID ELECTRIC VEHICLE,240
80002,PLUG IN HYBRID ELECTRIC VEHICLE,10
80002,,130
80003,COMPRESSED NATURAL GAS,0
80003,CONVERTIBLE,10
80003,DIESEL,980
80003,ELECTRIC VEHICLE,40
80003,FLEXIBLE,2110
80003,GAS,29480
80003,HYBRID ELECTRIC VEHICLE,370
80003,PLUG IN HYBRID ELECTRIC VEHICLE,30
80003,,230
80004,COMPRESSED NATURAL GAS,0
80004,CONVERTIBLE,0
80004,DIESEL,960
80004,ELECTRIC VEHICLE,30
80004,FLEXIBLE,1940
80004,GAS,29320
80004,HYBRID ELECTRIC VEHICLE,560
80004,PLUG IN HYBRID ELECTRIC VEHICLE,40
80004,,200
80005,CONVERTIBLE,0
80005,DIESEL,1000
80005,ELECTRIC VEHICLE,40
80005,FLEXIBLE,1850
80005,GAS,23830
80005,HYBRID ELECTRIC VEHICLE,500
80005,PLUG IN HYBRID ELECTRIC VEHICLE,30
80005,,170
80006,DIESEL,0
80006,GAS,10
80006,PLUG IN HYBRID ELECTRIC VEHICLE,0
80007,CONVERTIBLE,0
80007,DIESEL,470
80007,ELECTRIC VEHICLE,30
80007,FLEXIBLE,950
80007,GAS,10300
80007,HYBRID ELECTRIC VEHICLE,300
80007,PLUG IN HYBRID ELECTRIC VEHICLE,30
80007,,50
80010,COMPRESSED NATURAL GAS,0
80010,CONVERTIBLE,10
80010,DIESEL,430
80010,ELECTRIC VEHICLE,10
80010,FLEXIBLE,1790
80010,GAS,27000
80010,HYBRID ELECTRIC VEHICLE,290
80010,PLUG IN HYBRID ELECTRIC VEHICLE,0
80010,,120
80011,COMPRESSED NATURAL GAS,0
80011,CONVERTIBLE,20
80011,DIESEL,1100
80011,ELECTRIC VEHICLE,10
80011,FLEXIBLE,3560
80011,GAS,39860
80011,HYBRID ELECTRIC VEHICLE,440
80011,PLUG IN HYBRID ELECTRIC VEHICLE,10
80011,,340
80012,COMPRESSED NATURAL GAS,0
80012,CONVERTIBLE,20
80012,DIESEL,480
80012,ELECTRIC VEHICLE,20
80012,FLEXIBLE,2620
80012,GAS,36090
80012,HYBRID ELECTRIC VEHICLE,600
80012,PLUG IN HYBRID ELECTRIC VEHICLE,30
80012,,120
80013,CONVERTIBLE,10
80013,DIESEL,1200
80013,ELECTRIC VEHICLE,50
80013,FLEXIBLE,4150
80013,GAS,55160
80013,HYBRID ELECTRIC VEHICLE,880
80013,PLUG IN HYBRID ELECTRIC VEHICLE,40
80013,PROPANE,0
80013,,170
80014,CONVERTIBLE,10
80014,DIESEL,440
80014,ELECTRIC VEHICLE,20
80014,FLEXIBLE,1950
80014,GAS,29700
80014,HYBRID ELECTRIC VEHICLE,660
80014,PLUG IN HYBRID ELECTRIC VEHICLE,20
80014,,60
80015,COMPRESSED NATURAL GAS,0
80015,CONVERTIBLE,0
80015,DIESEL,1030
80015,ELECTRIC VEHICLE,70
80015,FLEXIBLE,3860
80015,GAS,50520
80015,HYBRID ELECTRIC VEHICLE,1070
80015,PLUG IN HYBRID ELECTRIC VEHICLE,70
80015,,160
80016,CONVERTIBLE,0
80016,DIESEL,970
80016,ELECTRIC VEHICLE,110
80016,FLEXIBLE,3440
80016,GAS,39710
80016,HYBRID ELECTRIC VEHICLE,980
80016,PLUG IN HYBRID ELECTRIC VEHICLE,80
80016,,90
80017,COMPRESSED NATURAL GAS,0
80017,CONVERTIBLE,0
80017,DIESEL,450
80017,ELECTRIC VEHICLE,20
80017,FLEXIBLE,1910
80017,GAS,26000
80017,HYBRID ELECTRIC VEHICLE,380
80017,PLUG IN HYBRID ELECTRIC VEHICLE,10
80017,,100
80018,COMPRESSED NATURAL GAS,0
80018,DIESEL,350
80018,ELECTRIC VEHICLE,10
80018,FLEXIBLE,970
80018,GAS,9340
80018,HYBRID ELECTRIC VEHICLE,180
80018,PLUG IN HYBRID ELECTRIC VEHICLE,0
80018,,30
80019,DIESEL,40
80019,FLEXIBLE,230
80019,GAS,2440
80019,HYBRID ELECTRIC VEHICLE,40
80019,PLUG IN HYBRID ELECTRIC VEHICLE,0
80019,,0
80020,COMPRESSED NATURAL GAS,0
80020,CONVERTIBLE,10
80020,DIESEL,1130
80020,ELECTRIC VEHICLE,120
80020,FLEXIBLE,2870
80020,GAS,41880
80020,HYBRID ELECTRIC VEHICLE,950
80020,PLUG IN HYBRID ELECTRIC VEHICLE,60
80020,,190
80021,COMPRESSED NATURAL GAS,0
80021,CONVERTIBLE,10
80021,DIESEL,880
80021,ELECTRIC VEHICLE,60
80021,FLEXIBLE,2030
80021,GAS,27090
80021,HYBRID ELECTRIC VEHICLE,540
80021,PLUG IN HYBRID ELECTRIC VEHICLE,50
80021,,140
80022,COMPRESSED NATURAL GAS,0
80022,CONVERTIBLE,30
80022,DIESEL,2060
80022,ELECTRIC VEHICLE,20
80022,FLEXIBLE,4410
80022,GAS,52360
80022,HYBRID ELECTRIC VEHICLE,510
80022,PLUG IN HYBRID ELECTRIC VEHICLE,20
80022,PROPANE,0
80022,,460
80023,COMPRESSED NATURAL GAS,0
80023,CONVERTIBLE,0
80023,DIESEL,520
80023,ELECTRIC VEHICLE,60
80023,FLEXIBLE,1350
80023,GAS,16060
80023,HYBRID ELECTRIC VEHICLE,570
80023,PLUG IN HYBRID ELECTRIC VEHICLE,50
80023,,50
80024,DIESEL,0
80024,FLEXIBLE,10
80024,GAS,210
80024,,0
80025,DIESEL,10
80025,FLEXIBLE,0
80025,GAS,210
80025,HYBRID ELECTRIC VEHICLE,10
80025,PLUG IN HYBRID ELECTRIC VEHICLE,0
80025,,0
80026,CONVERTIBLE,0
80026,DIESEL,650
80026,ELECTRIC VEHICLE,140
80026,FLEXIBLE,1460
80026,GAS,23930
80026,HYBRID ELECTRIC VEHICLE,780
80026,PLUG IN HYBRID ELECTRIC VEHICLE,70
80026,,120
80027,CONVERTIBLE,0
80027,DIESEL,540
80027,ELECTRIC VEHICLE,210
80027,FLEXIBLE,1430
80027,GAS,25060
80027,HYBRID ELECTRIC VEHICLE,1050
80027,PLUG IN HYBRID ELECTRIC VEHICLE,80
80027,,70
80030,COMPRESSED NATURAL GAS,0
80030,CONVERTIBLE,0
80030,DIESEL,290
80030,ELECTRIC VEHICLE,0
80030,FLEXIBLE,800
80030,GAS,12230
80030,HYBRID ELECTRIC VEHICLE,110
80030,PLUG IN HYBRID ELECTRIC VEHICLE,0
80030,,80
80031,COMPRESSED NATURAL GAS,0
80031,CONVERTIBLE,0
80031,DIESEL,680
80031,ELECTRIC VEHICLE,40
80031,FLEXIBLE,2090
80031,GAS,29480
80031,HYBRID ELECTRIC VEHICLE,610
80031,PLUG IN HYBRID ELECTRIC VEHICLE,40
80031,,130
80033,CONVERTIBLE,0
80033,DIESEL,820
80033,ELECTRIC VEHICLE,30
80033,FLEXIBLE,1550
80033,GAS,22260
80033,HYBRID ELECTRIC VEHICLE,300
80033,PLUG IN HYBRID ELECTRIC VEHICLE,20
80033,,190
80034,DIESEL,0
80034,FLEXIBLE,0
80034,GAS,20
80036,GAS,0
80036,HYBRID ELECTRIC VEHICLE,0
80036,,0
80037,FLEXIBLE,0
80037,GAS,10
80037,,0
80038,DIESEL,0
80038,FLEXIBLE,0
80038,GAS,30
80038,,0
80040,GAS,0
80040,,0
80041,GAS,0
80042,DIESEL,0
80042,GAS,0
80042,HYBRID ELECTRIC VEHICLE,0
80045,DIESEL,0
80045,FLEXIBLE,20
80045,GAS,460
80045,HYBRID ELECTRIC VEHICLE,10
80046,DIESEL,0
80046,FLEXIBLE,0
80046,GAS,20
80046,HYBRID ELECTRIC VEHICLE,0
80047,GAS,0
80101,DIESEL,100
80101,ELECTRIC VEHICLE,0
80101,FLEXIBLE,50
80101,GAS,390
80101,HYBRID ELECTRIC VEHICLE,0
80101,,0
80102,CONVERTIBLE,0
80102,DIESEL,910
80102,ELECTRIC VEHICLE,0
80102,FLEXIBLE,520
80102,GAS,5580
80102,HYBRID ELECTRIC VEHICLE,70
80102,PLUG IN HYBRID ELECTRIC VEHICLE,0
80102,,80
80103,CONVERTIBLE,0
80103,DIESEL,540
80103,ELECTRIC VEHICLE,0
80103,FLEXIBLE,240
80103,GAS,3020
80103,HYBRID ELECTRIC VEHICLE,10
80103,,30
80104,COMPRESSED NATURAL GAS,0
80104,CONVERTIBLE,0
80104,DIESEL,1100
80104,ELECTRIC VEHICLE,20
80104,FLEXIBLE,2290
80104,GAS,23300
80104,HYBRID ELECTRIC VEHICLE,430
80104,PLUG IN HYBRID ELECTRIC VEHICLE,20
80104,,120
80105,CONVERTIBLE,0
80105,DIESEL,250
80105,ELECTRIC VEHICLE,0
80105,FLEXIBLE,120
80105,GAS,1560
80105,HYBRID ELECTRIC VEHICLE,10
80105,,0
80106,CONVERTIBLE,0
80106,DIESEL,800
80106,ELECTRIC VEHICLE,0
80106,FLEXIBLE,360
80106,GAS,4740
80106,HYBRID ELECTRIC VEHICLE,70
80106,PLUG IN HYBRID ELECTRIC VEHICLE,0
80106,,40
80107,CONVERTIBLE,0
80107,DIESEL,2410
80107,ELECTRIC VEHICLE,10
80107,FLEXIBLE,1320
80107,GAS,13820
80107,HYBRID ELECTRIC VEHICLE,140
80107,PLUG IN HYBRID ELECTRIC VEHICLE,10
80107,PROPANE,0
80107,,130
80108,COMPRESSED NATURAL GAS,0
80108,CONVERTIBLE,0
80108,DIESEL,760
80108,ELECTRIC VEHICLE,60
80108,FLEXIBLE,2280
80108,GAS,20620
80108,HYBRID ELECTRIC VEHICLE,460
80108,PLUG IN HYBRID ELECTRIC VEHICLE,40
80108,,60
80109,CONVERTIBLE,0
80109,DIESEL,840
80109,ELECTRIC VEHICLE,30
80109,FLEXIBLE,2010
80109,GAS,17000
80109,HYBRID ELECTRIC VEHICLE,280
80109,PLUG IN HYBRID ELECTRIC VEHICLE,20
80109,,50
80110,CONVERTIBLE,10
80110,DIESEL,820
80110,ELECTRIC VEHICLE,10
80110,FLEXIBLE,1820
80110,GAS,20830
80110,HYBRID ELECTRIC VEHICLE,250
80110,PLUG IN HYBRID ELECTRIC VEHICLE,10
80110,,190
80111,COMPRESSED NATURAL GAS,0
80111,CONVERTIBLE,0
80111,DIESEL,520
80111,ELECTRIC VEHICLE,130
80111,FLEXIBLE,2240
80111,GAS,26300
80111,HYBRID ELECTRIC VEHICLE,890
80111,PLUG IN HYBRID ELECTRIC VEHICLE,50
80111,,80
80112,CONVERTIBLE,0
80112,DIESEL,1210
80112,ELECTRIC VEHICLE,60
80112,FLEXIBLE,9270
80112,GAS,54650
80112,HYBRID ELECTRIC VEHICLE,1250
80112,PLUG IN HYBRID ELECTRIC VEHICLE,40
80112,,110
80113,COMPRESSED NATURAL GAS,0
80113,CONVERTIBLE,0
80113,DIESEL,350
80113,ELECTRIC VEHICLE,80
80113,FLEXIBLE,1230
80113,GAS,17370
80113,HYBRID ELECTRIC VEHICLE,410
80113,PLUG IN HYBRID ELECTRIC VEHICLE,40
80113,,130
80116,CONVERTIBLE,0
80116,DIESEL,610
80116,ELECTRIC VEHICLE,0
80116,FLEXIBLE,520
80116,GAS,4470
80116,HYBRID ELECTRIC VEHICLE,60
80116,PLUG IN HYBRID ELECTRIC VEHICLE,0
80116,,60
80117,CONVERTIBLE,0
80117,DIESEL,700
80117,ELECTRIC VEHICLE,0
80117,FLEXIBLE,270
80117,GAS,3110
80117,HYBRID ELECTRIC VEHICLE,20
80117,,40
80118,CONVERTIBLE,0
80118,DIESEL,640
80118,ELECTRIC VEHICLE,0
80118,FLEXIBLE,530
80118,GAS,5520
80118,HYBRID ELECTRIC VEHICLE,120
80118,PLUG IN HYBRID ELECTRIC VEHICLE,0
80118,,40
80120,CONVERTIBLE,0
80120,DIESEL,680
80120,ELECTRIC VEHICLE,30
80120,FLEXIBLE,1740
80120,GAS,23580
80120,HYBRID ELECTRIC VEHICLE,520
80120,PLUG IN HYBRID ELECTRIC VEHICLE,30
80120,,130
80121,CONVERTIBLE,0
80121,DIESEL,440
80121,ELECTRIC VEHICLE,70
80121,FLEXIBLE,1210
80121,GAS,15640
80121,HYBRID ELECTRIC VEHICLE,390
80121,PLUG IN HYBRID ELECTRIC VEHICLE,40
80121,,90
80122,CONVERTIBLE,0
80122,DIESEL,530
80122,ELECTRIC VEHICLE,40
80122,FLEXIBLE,1710
80122,GAS,25300
80122,HYBRID ELECTRIC VEHICLE,520
80122,PLUG IN HYBRID ELECTRIC VEHICLE,30
80122,,120
80123,CONVERTIBLE,0
80123,DIESEL,960
80123,ELECTRIC VEHICLE,50
80123,FLEXIBLE,2710
80123,GAS,36550
80123,HYBRID ELECTRIC VEHICLE,740
80123,PLUG IN HYBRID ELECTRIC VEHICLE,40
80123,,170
80124,COMPRESSED NATURAL GAS,0
80124,CONVERTIBLE,0
80124,DIESEL,380
80124,ELECTRIC VEHICLE,60
80124,FLEXIBLE,1490
80124,GAS,16660
80124,HYBRID ELECTRIC VEHICLE,390
80124,PLUG IN HYBRID ELECTRIC VEHICLE,30
80124,,60
80125,COMPRESSED NATURAL GAS,0
80125,CONVERTIBLE,0
80125,DIESEL,690
80125,ELECTRIC VEHICLE,20
80125,FLEXIBLE,1140
80125,GAS,13180
80125,HYBRID ELECTRIC VEHICLE,270
80125,PLUG IN HYBRID ELECTRIC VEHICLE,20
80125,,70
80126,CONVERTIBLE,0
80126,DIESEL,570
80126,ELECTRIC VEHICLE,90
80126,FLEXIBLE,2770
80126,GAS,32410
80126,HYBRID ELECTRIC VEHICLE,760
80126,PLUG IN HYBRID ELECTRIC VEHICLE,60
80126,,50
80127,COMPRESSED NATURAL GAS,0
80127,CONVERTIBLE,0
80127,DIESEL,1370
80127,ELECTRIC VEHICLE,80
80127,FLEXIBLE,3150
80127,GAS,38590
80127,HYBRID ELECTRIC VEHICLE,790
80127,PLUG IN HYBRID ELECTRIC VEHICLE,50
80127,,170
80128,COMPRESSED NATURAL GAS,0
80128,CONVERTIBLE,0
80128,DIESEL,1360
80128,ELECTRIC VEHICLE,30
80128,FLEXIBLE,2400
80128,GAS,31280
80128,HYBRID ELECTRIC VEHICLE,510
80128,PLUG IN HYBRID ELECTRIC VEHICLE,20
80128,PROPANE,0
80128,,170
80129,DIESEL,440
80129,ELECTRIC VEHICLE,60
80129,FLEXIBLE,1920
80129,GAS,22350
80129,HYBRID ELECTRIC VEHICLE,490
80129,PLUG IN HYBRID ELECTRIC VEHICLE,40
80129,,60
80130,DIESEL,330
80130,ELECTRIC VEHICLE,50
80130,FLEXIBLE,1650
80130,GAS,19510
80130,HYBRID ELECTRIC VEHICLE,410
80130,PLUG IN HYBRID ELECTRIC VEHICLE,40
80130,,40
80131,DIESEL,20
80131,FLEXIBLE,10
80131,GAS,260
80131,HYBRID ELECTRIC VEHICLE,0
80131,,10
80132,COMPRESSED NATURAL GAS,0
80132,DIESEL,1040
80132,ELECTRIC VEHICLE,30
80132,FLEXIBLE,1830
80132,GAS,20440
80132,HYBRID ELECTRIC VEHICLE,410
80132,PLUG IN HYBRID ELECTRIC VEHICLE,30
80132,,70
80133,CONVERTIBLE,0
80133,DIESEL,110
80133,ELECTRIC VEHICLE,0
80133,FLEXIBLE,110
80133,GAS,2270
80133,HYBRID ELECTRIC VEHICLE,20
80133,PLUG IN HYBRID ELECTRIC VEHICLE,0
80133,,10
80134,COMPRESSED NATURAL GAS,0
80134,CONVERTIBLE,0
80134,DIESEL,1700
80134,ELECTRIC VEHICLE,120
80134,FLEXIBLE,4790
80134,GAS,48660
80134,HYBRID ELECTRIC VEHICLE,1010
80134,PLUG IN HYBRID ELECTRIC VEHICLE,80
80134,,160
80135,DIESEL,830
80135,ELECTRIC VEHICLE,10
80135,FLEXIBLE,490
80135,GAS,4360
80135,HYBRID ELECTRIC VEHICLE,50
80135,PLUG IN HYBRID ELECTRIC VEHICLE,0
80135,,60
80136,COMPRESSED NATURAL GAS,0
80136,CONVERTIBLE,0
80136,DIESEL,960
80136,ELECTRIC VEHICLE,0
80136,FLEXIBLE,540
80136,GAS,5990
80136,HYBRID ELECTRIC VEHICLE,50
80136,PLUG IN HYBRID ELECTRIC VEHICLE,0
80136,,50
80137,COMPRESSED NATURAL GAS,0
80137,CONVERTIBLE,0
80137,DIESEL,210
80137,ELECTRIC VEHICLE,0
80137,FLEXIBLE,120
80137,GAS,1280
80137,HYBRID ELECTRIC VEHICLE,10
80137,PLUG IN HYBRID ELECTRIC VEHICLE,0
80137,,30
80138,COMPRESSED NATURAL GAS,0
80138,CONVERTIBLE,0
80138,DIESEL,2000
80138,ELECTRIC VEHICLE,40
80138,FLEXIBLE,2550
80138,GAS,25990
80138,HYBRID ELECTRIC VEHICLE,480
80138,PLUG IN HYBRID ELECTRIC VEHICLE,30
80138,,170
80150,DIESEL,0
80150,FLEXIBLE,0
80150,GAS,10
80150,HYBRID ELECTRIC VEHICLE,0
80150,,0
80151,DIESEL,0
80151,GAS,10
80155,FLEXIBLE,0
80155,GAS,0
80160,DIESEL,0
80160,FLEXIBLE,0
80160,GAS,10
80161,DIESEL,0
80161,FLEXIBLE,0
80161,GAS,10
80161,,0
80162,DIESEL,0
80162,GAS,0
80162,,0
80165,GAS,0
80166,DIESEL,0
80166,FLEXIBLE,0
80166,GAS,50
80201,DIESEL,0
80201,FLEXIBLE,0
80201,GAS,30
80201,HYBRID ELECTRIC VEHICLE,0
80201,,0
80202,COMPRESSED NATURAL GAS,0
80202,CONVERTIBLE,0
80202,DIESEL,400
80202,ELECTRIC VEHICLE,40
80202,FLEXIBLE,1640
80202,GAS,10910
80202,HYBRID ELECTRIC VEHICLE,380
80202,PLUG IN HYBRID ELECTRIC VEHICLE,30
80202,,200
80203,COMPRESSED NATURAL GAS,0
80203,CONVERTIBLE,0
80203,DIESEL,160
80203,ELECTRIC VEHICLE,10
80203,FLEXIBLE,940
80203,GAS,13490
80203,HYBRID ELECTRIC VEHICLE,450
80203,PLUG IN HYBRID ELECTRIC VEHICLE,10
80203,,50
80204,COMPRESSED NATURAL GAS,10
80204,CONVERTIBLE,0
80204,DIESEL,510
80204,ELECTRIC VEHICLE,30
80204,FLEXIBLE,1980
80204,GAS,23140
80204,HYBRID ELECTRIC VEHICLE,360
80204,PLUG IN HYBRID ELECTRIC VEHICLE,10
80204,,160
80205,COMPRESSED NATURAL GAS,0
80205,CONVERTIBLE,0
80205,DIESEL,340
80205,ELECTRIC VEHICLE,40
80205,FLEXIBLE,1500
80205,GAS,22560
80205,HYBRID ELECTRIC VEHICLE,450
80205,PLUG IN HYBRID ELECTRIC VEHICLE,40
80205,,200
80206,COMPRESSED NATURAL GAS,0
80206,CONVERTIBLE,0
80206,DIESEL,250
80206,ELECTRIC VEHICLE,80
80206,FLEXIBLE,1050
80206,GAS,17170
80206,HYBRID ELECTRIC VEHICLE,680
80206,PLUG IN HYBRID ELECTRIC VEHICLE,40
80206,,90
80207,COMPRESSED NATURAL GAS,0
80207,CONVERTIBLE,0
80207,DIESEL,250
80207,ELECTRIC VEHICLE,30
80207,FLEXIBLE,1200
80207,GAS,16780
80207,HYBRID ELECTRIC VEHICLE,450
80207,PLUG IN HYBRID ELECTRIC VEHICLE,10
80207,,100
80208,GAS,0
80209,COMPRESSED NATURAL GAS,0
80209,CONVERTIBLE,0
80209,DIESEL,310
80209,ELECTRIC VEHICLE,90
80209,FLEXIBLE,1260
80209,GAS,17990
80209,HYBRID ELECTRIC VEHICLE,630
80209,PLUG IN HYBRID ELECTRIC VEHICLE,60
80209,,80
80210,COMPRESSED NATURAL GAS,0
80210,CONVERTIBLE,0
80210,DIESEL,440
80210,ELECTRIC VEHICLE,90
80210,FLEXIBLE,1660
80210,GAS,24480
80210,HYBRID ELECTRIC VEHICLE,790
80210,PLUG IN HYBRID ELECTRIC VEHICLE,50
80210,,130
80211,COMPRESSED NATURAL GAS,0
80211,CONVERTIBLE,10
80211,DIESEL,490
80211,ELECTRIC VEHICLE,80
80211,FLEXIBLE,1990
80211,GAS,25440
80211,HYBRID ELECTRIC VEHICLE,610
80211,PLUG IN HYBRID ELECTRIC VEHICLE,40
80211,,210
80212,COMPRESSED NATURAL GAS,0
80212,CONVERTIBLE,0
80212,DIESEL,340
80212,ELECTRIC VEHICLE,60
80212,FLEXIBLE,940
80212,GAS,15180
80212,HYBRID ELECTRIC VEHICLE,380
80212,PLUG IN HYBRID ELECTRIC VEHICLE,20
80212,,130
80214,COMPRESSED NATURAL GAS,0
80214,CONVERTIBLE,10
80214,DIESEL,490
80214,ELECTRIC VEHICLE,20
80214,FLEXIBLE,1210
80214,GAS,19200
80214,HYBRID ELECTRIC VEHICLE,250
80214,PLUG IN HYBRID ELECTRIC VEHICLE,20
80214,PROPANE,0
80214,,140
80215,CONVERTIBLE,0
80215,DIESEL,610
80215,ELECTRIC VEHICLE,30
80215,FLEXIBLE,1250
80215,GAS,16350
80215,HYBRID ELECTRIC VEHICLE,330
80215,PLUG IN HYBRID ELECTRIC VEHICLE,20
80215,,160
80216,COMPRESSED NATURAL GAS,90
80216,CONVERTIBLE,0
80216,DIESEL,1060
80216,ELECTRIC VEHICLE,10
80216,FLEXIBLE,3690
80216,GAS,17390
80216,HYBRID ELECTRIC VEHICLE,730
80216,PLUG IN HYBRID ELECTRIC VEHICLE,30
80216,PROPANE,0
80216,,310
80217,DIESEL,50
80217,FLEXIBLE,30
80217,GAS,460
80217,HYBRID ELECTRIC VEHICLE,20
80217,PLUG IN HYBRID ELECTRIC VEHICLE,0
80217,,0
80218,CONVERTIBLE,0
80218,DIESEL,150
80218,ELECTRIC VEHICLE,30
80218,FLEXIBLE,650
80218,GAS,12400
80218,HYBRID ELECTRIC VEHICLE,370
80218,PLUG IN HYBRID ELECTRIC VEHICLE,20
80218,,40
80219,COMPRESSED NATURAL GAS,0
80219,CONVERTIBLE,30
80219,DIESEL,1120
80219,ELECTRIC VEHICLE,10
80219,FLEXIBLE,3450
80219,GAS,48270
80219,HYBRID ELECTRIC VEHICLE,360
80219,PLUG IN HYBRID ELECTRIC VEHICLE,20
80219,,340
80220,COMPRESSED NATURAL GAS,0
80220,CONVERTIBLE,0
80220,DIESEL,340
80220,ELECTRIC VEHICLE,90
80220,FLEXIBLE,1410
80220,GAS,25050
80220,HYBRID ELECTRIC VEHICLE,840
80220,PLUG IN HYBRID ELECTRIC VEHICLE,60
80220,,120
80221,COMPRESSED NATURAL GAS,0
80221,CONVERTIBLE,10
80221,DIESEL,1160
80221,ELECTRIC VEHICLE,20
80221,FLEXIBLE,2940
80221,GAS,35790
80221,HYBRID ELECTRIC VEHICLE,340
80221,PLUG IN HYBRID ELECTRIC VEHICLE,20
80221,,280
80222,COMPRESSED NATURAL GAS,0
80222,CONVERTIBLE,0
80222,DIESEL,260
80222,ELECTRIC VEHICLE,10
80222,FLEXIBLE,1070
80222,GAS,15930
80222,HYBRID ELECTRIC VEHICLE,380
80222,PLUG IN HYBRID ELECTRIC VEHICLE,10
80222,,80
80223,COMPRESSED NATURAL GAS,0
80223,CONVERTIBLE,10
80223,DIESEL,570
80223,ELECTRIC VEHICLE,10
80223,FLEXIBLE,1630
80223,GAS,17380
80223,HYBRID ELECTRIC VEHICLE,230
80223,PLUG IN HYBRID ELECTRIC VEHICLE,30
80223,,130
80224,COMPRESSED NATURAL GAS,0
80224,CONVERTIBLE,0
80224,DIESEL,160
80224,ELECTRIC VEHICLE,40
80224,FLEXIBLE,700
80224,GAS,12820
80224,HYBRID ELECTRIC VEHICLE,390
80224,PLUG IN HYBRID ELECTRIC VEHICLE,10
80224,,40
80225,FLEXIBLE,40
80225,GAS,60
80225,HYBRID ELECTRIC VEHICLE,0
80225,,0
80226,COMPRESSED NATURAL GAS,0
80226,CONVERTIBLE,10
80226,DIESEL,800
80226,ELECTRIC VEHICLE,30
80226,FLEXIBLE,1720
80226,GAS,25840
80226,HYBRID ELECTRIC VEHICLE,410
80226,PLUG IN HYBRID ELECTRIC VEHICLE,20
80226,,180
80227,CONVERTIBLE,0
80227,DIESEL,670
80227,ELECTRIC VEHICLE,40
80227,FLEXIBLE,1880
80227,GAS,27420
80227,HYBRID ELECTRIC VEHICLE,530
80227,PLUG IN HYBRID ELECTRIC VEHICLE,20
80227,,140
80228,COMPRESSED NATURAL GAS,0
80228,CONVERTIBLE,0
80228,DIESEL,750
80228,ELECTRIC VEHICLE,60
80228,FLEXIBLE,2040
80228,GAS,27420
80228,HYBRID ELECTRIC VEHICLE,650
80228,PLUG IN HYBRID ELECTRIC VEHICLE,50
80228,,160
80229,COMPRESSED NATURAL GAS,0
80229,CONVERTIBLE,10
80229,DIESEL,1370
80229,ELECTRIC VEHICLE,20
80229,FLEXIBLE,3670
80229,GAS,43620
80229,HYBRID ELECTRIC VEHICLE,420
80229,PLUG IN HYBRID ELECTRIC VEHICLE,20
80229,,260
80230,COMPRESSED NATURAL GAS,0
80230,DIESEL,80
80230,ELECTRIC VEHICLE,30
80230,FLEXIBLE,390
80230,GAS,5830
80230,HYBRID ELECTRIC VEHICLE,280
80230,PLUG IN HYBRID ELECTRIC VEHICLE,10
80230,,0
80231,COMPRESSED NATURAL GAS,0
80231,CONVERTIBLE,0
80231,DIESEL,380
80231,ELECTRIC VEHICLE,40
80231,FLEXIBLE,1610
80231,GAS,25220
80231,HYBRID ELECTRIC VEHICLE,660
80231,PLUG IN HYBRID ELECTRIC VEHICLE,20
80231,,70
80232,CONVERTIBLE,0
80232,DIESEL,520
80232,ELECTRIC VEHICLE,20
80232,FLEXIBLE,1220
80232,GAS,17960
80232,HYBRID ELECTRIC VEHICLE,280
80232,PLUG IN HYBRID ELECTRIC VEHICLE,10
80232,,110
80233,COMPRESSED NATURAL GAS,0
80233,CONVERTIBLE,10
80233,DIESEL,1200
80233,ELECTRIC VEHICLE,20
80233,FLEXIBLE,2820
80233,GAS,35170
80233,HYBRID ELECTRIC VEHICLE,350
80233,PLUG IN HYBRID ELECTRIC VEHICLE,10
80233,,200
80234,CONVERTIBLE,10
80234,DIESEL,540
80234,ELECTRIC VEHICLE,20
80234,FLEXIBLE,1760
80234,GAS,21010
80234,HYBRID ELECTRIC VEHICLE,400
80234,PLUG IN HYBRID ELECTRIC VEHICLE,20
80234,,90
80235,CONVERTIBLE,0
80235,DIESEL,140
80235,ELECTRIC VEHICLE,0
80235,FLEXIBLE,460
80235,GAS,6050
80235,HYBRID ELECTRIC VEHICLE,100
80235,PLUG IN HYBRID ELECTRIC VEHICLE,0
80235,,30
80236,COMPRESSED NATURAL GAS,0
80236,CONVERTIBLE,0
80236,DIESEL,270
80236,ELECTRIC VEHICLE,0
80236,FLEXIBLE,840
80236,GAS,11870
80236,HYBRID ELECTRIC VEHICLE,180
80236,PLUG IN HYBRID ELECTRIC VEHICLE,10
80236,PROPANE,0
80236,,70
80237,DIESEL,240
80237,ELECTRIC VEHICLE,20
80237,FLEXIBLE,1000
80237,GAS,15800
80237,HYBRID ELECTRIC VEHICLE,410
80237,PLUG IN HYBRID ELECTRIC VEHICLE,20
80237,,40
80238,COMPRESSED NATURAL GAS,0
80238,DIESEL,260
80238,ELECTRIC VEHICLE,130
80238,FLEXIBLE,1190
80238,GAS,13280
80238,HYBRID ELECTRIC VEHICLE,650
80238,PLUG IN HYBRID ELECTRIC VEHICLE,60
80238,,10
80239,COMPRESSED NATURAL GAS,0
80239,CONVERTIBLE,10
80239,DIESEL,810
80239,ELECTRIC VEHICLE,0
80239,FLEXIBLE,3150
80239,GAS,32740
80239,HYBRID ELECTRIC VEHICLE,250
80239,PLUG IN HYBRID ELECTRIC VEHICLE,10
80239,,160
80241,CONVERTIBLE,0
80241,DIESEL,770
80241,ELECTRIC VEHICLE,30
80241,FLEXIBLE,2160
80241,GAS,24560
80241,HYBRID ELECTRIC VEHICLE,480
80241,PLUG IN HYBRID ELECTRIC VEHICLE,30
80241,,80
80246,CONVERTIBLE,0
80246,DIESEL,130
80246,ELECTRIC VEHICLE,20
80246,FLEXIBLE,580
80246,GAS,8590
80246,HYBRID ELECTRIC VEHICLE,220
80246,PLUG IN HYBRID ELECTRIC VEHICLE,10
80246,,10
80247,CONVERTIBLE,0
80247,DIESEL,140
80247,ELECTRIC VEHICLE,10
80247,FLEXIBLE,1020
80247,GAS,17520
80247,HYBRID ELECTRIC VEHICLE,490
80247,PLUG IN HYBRID ELECTRIC VEHICLE,10
80247,,20
80249,COMPRESSED NATURAL GAS,0
80249,CONVERTIBLE,0
80249,DIESEL,380
80249,ELECTRIC VEHICLE,30
80249,FLEXIBLE,5520
80249,GAS,57870
80249,HYBRID ELECTRIC VEHICLE,600
80249,PLUG IN HYBRID ELECTRIC VEHICLE,10
80249,,40
80250,DIESEL,0
80250,FLEXIBLE,0
80250,GAS,30
80250,,0
80260,CONVERTIBLE,10
80260,DIESEL,610
80260,ELECTRIC VEHICLE,0
80260,FLEXIBLE,1890
80260,GAS,26380
80260,HYBRID ELECTRIC VEHICLE,200
80260,PLUG IN HYBRID ELECTRIC VEHICLE,0
80260,,110
80261,FLEXIBLE,0
80261,GAS,0
80264,FLEXIBLE,0
80264,GAS,0
80265,COMPRESSED NATURAL GAS,0
80265,FLEXIBLE,10
80265,GAS,30
80265,HYBRID ELECTRIC VEHICLE,0
80293,DIESEL,0
80293,FLEXIBLE,0
80293,GAS,10
80294,FLEXIBLE,0
80294,GAS,10
80301,CONVERTIBLE,0
80301,DIESEL,730
80301,ELECTRIC VEHICLE,170
80301,FLEXIBLE,1280
80301,GAS,20540
80301,HYBRID ELECTRIC VEHICLE,920
80301,PLUG IN HYBRID ELECTRIC VEHICLE,70
80301,,150
80302,COMPRESSED NATURAL GAS,0
80302,CONVERTIBLE,0
80302,DIESEL,500
80302,ELECTRIC VEHICLE,180
80302,FLEXIBLE,940
80302,GAS,14770
80302,HYBRID ELECTRIC VEHICLE,690
80302,PLUG IN HYBRID ELECTRIC VEHICLE,50
80302,,110
80303,COMPRESSED NATURAL GAS,0
80303,CONVERTIBLE,0
80303,DIESEL,400
80303,ELECTRIC VEHICLE,150
80303,FLEXIBLE,860
80303,GAS,15850
80303,HYBRID ELECTRIC VEHICLE,810
80303,PLUG IN HYBRID ELECTRIC VEHICLE,70
80303,,70
80304,COMPRESSED NATURAL GAS,0
80304,DIESEL,570
80304,ELECTRIC VEHICLE,250
80304,FLEXIBLE,1010
80304,GAS,19590
80304,HYBRID ELECTRIC VEHICLE,1160
80304,PLUG IN HYBRID ELECTRIC VEHICLE,90
80304,,120
80305,COMPRESSED NATURAL GAS,0
80305,CONVERTIBLE,0
80305,DIESEL,260
80305,ELECTRIC VEHICLE,160
80305,FLEXIBLE,450
80305,GAS,11360
80305,HYBRID ELECTRIC VEHICLE,720
80305,PLUG IN HYBRID ELECTRIC VEHICLE,50
80305,,50
80306,DIESEL,0
80306,FLEXIBLE,0
80306,GAS,90
80306,HYBRID ELECTRIC VEHICLE,0
80306,,0
80307,DIESEL,0
80307,GAS,0
80308,DIESEL,0
80308,FLEXIBLE,0
80308,GAS,40
80308,HYBRID ELECTRIC VEHICLE,0
80308,,0
80309,DIESEL,10
80309,ELECTRIC VEHICLE,0
80309,FLEXIBLE,120
80309,GAS,340
80309,HYBRID ELECTRIC VEHICLE,30
80309,,10
80310,DIESEL,0
80310,FLEXIBLE,0
80310,GAS,90
80310,HYBRID ELECTRIC VEHICLE,0
80401,COMPRESSED NATURAL GAS,0
80401,CONVERTIBLE,0
80401,DIESEL,1430
80401,ELECTRIC VEHICLE,120
80401,FLEXIBLE,2770
80401,GAS,34740
80401,HYBRID ELECTRIC VEHICLE,860
80401,PLUG IN HYBRID ELECTRIC VEHICLE,60
80401,,250
80402,DIESEL,0
80402,FLEXIBLE,0
80402,GAS,70
80402,HYBRID ELECTRIC VEHICLE,0
80402,,0
80403,COMPRESSED NATURAL GAS,0
80403,CONVERTIBLE,0
80403,DIESEL,1400
80403,ELECTRIC VEHICLE,70
80403,FLEXIBLE,1580
80403,GAS,18480
80403,HYBRID ELECTRIC VEHICLE,440
80403,PLUG IN HYBRID ELECTRIC VEHICLE,50
80403,,170
80419,DIESEL,30
80419,FLEXIBLE,170
80419,GAS,250
80419,HYBRID ELECTRIC VEHICLE,0
80419,,0
80420,DIESEL,50
80420,FLEXIBLE,70
80420,GAS,810
80420,HYBRID ELECTRIC VEHICLE,0
80420,,0
80421,COMPRESSED NATURAL GAS,0
80421,CONVERTIBLE,0
80421,DIESEL,1040
80421,ELECTRIC VEHICLE,0
80421,FLEXIBLE,780
80421,GAS,9680
80421,HYBRID ELECTRIC VEHICLE,70
80421,PLUG IN HYBRID ELECTRIC VEHICLE,0
80421,,70
80422,DIESEL,540
80422,ELECTRIC VEHICLE,0
80422,FLEXIBLE,350
80422,GAS,5510
80422,HYBRID ELECTRIC VEHICLE,50
80422,PLUG IN HYBRID ELECTRIC VEHICLE,0
80422,,20
80423,DIESEL,30
80423,FLEXIBLE,10
80423,GAS,150
80423,,0
80424,CONVERTIBLE,0
80424,DIESEL,680
80424,ELECTRIC VEHICLE,10
80424,FLEXIBLE,950
80424,GAS,9770
80424,HYBRID ELECTRIC VEHICLE,130
80424,PLUG IN HYBRID ELECTRIC VEHICLE,0
80424,,50
80425,DIESEL,20
80425,FLEXIBLE,20
80425,GAS,190
80425,HYBRID ELECTRIC VEHICLE,0
80425,,0
80426,DIESEL,30
80426,FLEXIBLE,0
80426,GAS,80
80426,HYBRID ELECTRIC VEHICLE,0
80427,DIESEL,50
80427,ELECTRIC VEHICLE,0
80427,FLEXIBLE,60
80427,GAS,970
80427,HYBRID ELECTRIC VEHICLE,10
80427,,10
80428,DIESEL,110
80428,FLEXIBLE,70
80428,GAS,710
80428,HYBRID ELECTRIC VEHICLE,0
80429,DIESEL,0
80429,FLEXIBLE,0
80429,GAS,60
80430,DIESEL,40
80430,FLEXIBLE,10
80430,GAS,120
80430,,0
80432,DIESEL,40
80432,FLEXIBLE,30
80432,GAS,390
80432,HYBRID ELECTRIC VEHICLE,0
80432,PLUG IN HYBRID ELECTRIC VEHICLE,0
80432,,0
80433,CONVERTIBLE,0
80433,DIESEL,690
80433,ELECTRIC VEHICLE,0
80433,FLEXIBLE,710
80433,GAS,8020
80433,HYBRID ELECTRIC VEHICLE,90
80433,PLUG IN HYBRID ELECTRIC VEHICLE,10
80433,,70
80434,DIESEL,20
80434,FLEXIBLE,10
80434,GAS,80
80434,,0
80435,CONVERTIBLE,0
80435,DIESEL,460
80435,ELECTRIC VEHICLE,10
80435,FLEXIBLE,680
80435,GAS,8070
80435,HYBRID ELECTRIC VEHICLE,90
80435,PLUG IN HYBRID ELECTRIC VEHICLE,0
80435,,20
80436,COMPRESSED NATURAL GAS,0
80436,DIESEL,70
80436,FLEXIBLE,30
80436,GAS,740
80436,HYBRID ELECTRIC VEHICLE,0
80436,PLUG IN HYBRID ELECTRIC VEHICLE,0
80436,,10
80437,DIESEL,10
80437,FLEXIBLE,10
80437,GAS,230
80437,HYBRID ELECTRIC VEHICLE,0
80437,,0
80438,CONVERTIBLE,0
80438,DIESEL,40
80438,ELECTRIC VEHICLE,0
80438,FLEXIBLE,30
80438,GAS,680
80438,HYBRID ELECTRIC VEHICLE,10
80438,,0
80439,CONVERTIBLE,0
80439,DIESEL,1380
80439,ELECTRIC VEHICLE,70
80439,FLEXIBLE,2080
80439,GAS,23310
80439,HYBRID ELECTRIC VEHICLE,410
80439,PLUG IN HYBRID ELECTRIC VEHICLE,40
80439,,130
80440,CONVERTIBLE,0
80440,DIESEL,330
80440,ELECTRIC VEHICLE,0
80440,FLEXIBLE,290
80440,GAS,2930
80440,HYBRID ELECTRIC VEHICLE,10
80440,PLUG IN HYBRID ELECTRIC VEHICLE,0
80440,,10
80442,DIESEL,160
80442,ELECTRIC VEHICLE,0
80442,FLEXIBLE,190
80442,GAS,2310
80442,HYBRID ELECTRIC VEHICLE,20
80442,PLUG IN HYBRID ELECTRIC VEHICLE,0
80442,,10
80443,CONVERTIBLE,0
80443,DIESEL,230
80443,ELECTRIC VEHICLE,10
80443,FLEXIBLE,360
80443,GAS,4310
80443,HYBRID ELECTRIC VEHICLE,60
80443,PLUG IN HYBRID ELECTRIC VEHICLE,0
80443,,20
80444,DIESEL,60
80444,FLEXIBLE,90
80444,GAS,1320
80444,HYBRID ELECTRIC VEHICLE,20
80444,,0
80446,CONVERTIBLE,0
80446,DIESEL,510
80446,FLEXIBLE,350
80446,GAS,4200
80446,HYBRID ELECTRIC VEHICLE,30
80446,PLUG IN HYBRID ELECTRIC VEHICLE,0
80446,,30
80447,CONVERTIBLE,0
80447,DIESEL,250
80447,ELECTRIC VEHICLE,0
80447,FLEXIBLE,200
80447,GAS,2320
80447,HYBRID ELECTRIC VEHICLE,30
80447,PLUG IN HYBRID ELECTRIC VEHICLE,0
80447,,20
80448,DIESEL,10
80448,FLEXIBLE,10
80448,GAS,150
80448,HYBRID ELECTRIC VEHICLE,0
80448,,0
80449,CONVERTIBLE,0
80449,DIESEL,170
80449,ELECTRIC VEHICLE,0
80449,FLEXIBLE,100
80449,GAS,1150
80449,HYBRID ELECTRIC VEHICLE,10
80449,PLUG IN HYBRID ELECTRIC VEHICLE,0
80449,,0
80451,DIESEL,80
80451,FLEXIBLE,60
80451,GAS,750
80451,HYBRID ELECTRIC VEHICLE,0
80451,,0
80452,CONVERTIBLE,0
80452,DIESEL,270
80452,ELECTRIC VEHICLE,0
80452,FLEXIBLE,280
80452,GAS,4180
80452,HYBRID ELECTRIC VEHICLE,30
80452,PLUG IN HYBRID ELECTRIC VEHICLE,0
80452,,40
80453,DIESEL,10
80453,ELECTRIC VEHICLE,0
80453,FLEXIBLE,10
80453,GAS,320
80453,HYBRID ELECTRIC VEHICLE,0
80453,PLUG IN HYBRID ELECTRIC VEHICLE,0
80453,,0
80454,DIESEL,90
80454,ELECTRIC VEHICLE,0
80454,FLEXIBLE,90
80454,GAS,1290
80454,HYBRID ELECTRIC VEHICLE,20
80454,PLUG IN HYBRID ELECTRIC VEHICLE,0
80454,,10
80455,DIESEL,20
80455,ELECTRIC VEHICLE,0
80455,FLEXIBLE,10
80455,GAS,510
80455,HYBRID ELECTRIC VEHICLE,0
80455,,0
80456,DIESEL,120
80456,FLEXIBLE,70
80456,GAS,910
80456,HYBRID ELECTRIC VEHICLE,10
80456,,0
80457,DIESEL,10
80457,ELECTRIC VEHICLE,0
80457,FLEXIBLE,30
80457,GAS,610
80457,HYBRID ELECTRIC VEHICLE,0
80457,,0
80459,DIESEL,360
80459,FLEXIBLE,210
80459,GAS,2280
80459,HYBRID ELECTRIC VEHICLE,10
80459,,20
80461,CONVERTIBLE,0
80461,DIESEL,540
80461,FLEXIBLE,540
80461,GAS,7700
80461,HYBRID ELECTRIC VEHICLE,40
80461,PLUG IN HYBRID ELECTRIC VEHICLE,0
80461,,50
80463,DIESEL,40
80463,FLEXIBLE,10
80463,GAS,140
80463,,0
80465,CONVERTIBLE,0
80465,DIESEL,800
80465,ELECTRIC VEHICLE,30
80465,FLEXIBLE,1170
80465,GAS,14460
80465,HYBRID ELECTRIC VEHICLE,260
80465,PLUG IN HYBRID ELECTRIC VEHICLE,20
80465,,110
80466,DIESEL,160
80466,ELECTRIC VEHICLE,10
80466,FLEXIBLE,150
80466,GAS,3050
80466,HYBRID ELECTRIC VEHICLE,60
80466,PLUG IN HYBRID ELECTRIC VEHICLE,0
80466,,20
80467,DIESEL,290
80467,ELECTRIC VEHICLE,0
80467,FLEXIBLE,190
80467,GAS,2130
80467,HYBRID ELECTRIC VEHICLE,0
80467,,0
80468,DIESEL,80
80468,FLEXIBLE,20
80468,GAS,290
80468,HYBRID ELECTRIC VEHICLE,0
80468,,0
80469,DIESEL,50
80469,FLEXIBLE,30
80469,GAS,260
80469,,0
80470,DIESEL,410
80470,ELECTRIC VEHICLE,0
80470,FLEXIBLE,260
80470,GAS,3700
80470,HYBRID ELECTRIC VEHICLE,40
80470,PLUG IN HYBRID ELECTRIC VEHICLE,0
80470,,20
80471,DIESEL,10
80471,FLEXIBLE,0
80471,GAS,120
80471,HYBRID ELECTRIC VEHICLE,0
80471,,0
80473,DIESEL,20
80473,FLEXIBLE,0
80473,GAS,80
80473,,0
80474,DIESEL,20
80474,ELECTRIC VEHICLE,0
80474,FLEXIBLE,10
80474,GAS,370
80474,HYBRID ELECTRIC VEHICLE,0
80474,,0
80475,DIESEL,20
80475,FLEXIBLE,20
80475,GAS,310
80475,HYBRID ELECTRIC VEHICLE,0
80475,,0
80476,CONVERTIBLE,0
80476,DIESEL,0
80476,FLEXIBLE,10
80476,GAS,230
80476,HYBRID ELECTRIC VEHICLE,0
80476,,0
80477,DIESEL,270
80477,ELECTRIC VEHICLE,0
80477,FLEXIBLE,230
80477,GAS,2640
80477,HYBRID ELECTRIC VEHICLE,30
80477,,10
80478,DIESEL,100
80478,ELECTRIC VEHICLE,0
80478,FLEXIBLE,60
80478,GAS,910
80478,HYBRID ELECTRIC VEHICLE,10
80478,PLUG IN HYBRID ELECTRIC VEHICLE,0
80478,,0
80479,DIESEL,20
80479,FLEXIBLE,0
80479,GAS,40
80480,DIESEL,220
80480,FLEXIBLE,120
80480,GAS,1260
80480,HYBRID ELECTRIC VEHICLE,0
80480,PLUG IN HYBRID ELECTRIC VEHICLE,0
80480,,20
80481,COMPRESSED NATURAL GAS,0
80481,DIESEL,40
80481,ELECTRIC VEHICLE,0
80481,FLEXIBLE,30
80481,GAS,620
80481,HYBRID ELECTRIC VEHICLE,0
80481,PLUG IN HYBRID ELECTRIC VEHICLE,0
80481,,0
80482,CONVERTIBLE,0
80482,DIESEL,110
80482,ELECTRIC VEHICLE,0
80482,FLEXIBLE,190
80482,GAS,2090
80482,HYBRID ELECTRIC VEHICLE,10
80482,PLUG IN HYBRID ELECTRIC VEHICLE,0
80482,,10
80483,DIESEL,130
80483,FLEXIBLE,40
80483,GAS,550
80483,HYBRID ELECTRIC VEHICLE,0
80483,,0
80487,CONVERTIBLE,0
80487,DIESEL,1120
80487,ELECTRIC VEHICLE,10
80487,FLEXIBLE,1390
80487,GAS,13570
80487,HYBRID ELECTRIC VEHICLE,120
80487,PLUG IN HYBRID ELECTRIC VEHICLE,0
80487,,60
80488,DIESEL,60
80488,FLEXIBLE,80
80488,GAS,770
80488,HYBRID ELECTRIC VEHICLE,0
80488,PLUG IN HYBRID ELECTRIC VEHICLE,0
80488,,0
80497,DIESEL,30
80497,FLEXIBLE,70
80497,GAS,850
80497,HYBRID ELECTRIC VEHICLE,10
80497,,0
80498,COMPRESSED NATURAL GAS,0
80498,DIESEL,450
80498,ELECTRIC VEHICLE,10
80498,FLEXIBLE,490
80498,GAS,5280
80498,HYBRID ELECTRIC VEHICLE,60
80498,PLUG IN HYBRID ELECTRIC VEHICLE,0
80498,,20
80501,COMPRESSED NATURAL GAS,0
80501,CONVERTIBLE,10
80501,DIESEL,900
80501,ELECTRIC VEHICLE,70
80501,FLEXIBLE,1960
80501,GAS,33900
80501,HYBRID ELECTRIC VEHICLE,660
80501,PLUG IN HYBRID ELECTRIC VEHICLE,20
80501,,240
80502,DIESEL,10
80502,FLEXIBLE,10
80502,GAS,50
80502,,0
80503,COMPRESSED NATURAL GAS,0
80503,CONVERTIBLE,0
80503,DIESEL,1070
80503,ELECTRIC VEHICLE,180
80503,FLEXIBLE,1620
80503,GAS,26870
80503,HYBRID ELECTRIC VEHICLE,1040
80503,PLUG IN HYBRID ELECTRIC VEHICLE,80
80503,,150
80504,COMPRESSED NATURAL GAS,10
80504,CONVERTIBLE,10
80504,DIESEL,2610
80504,ELECTRIC VEHICLE,120
80504,FLEXIBLE,3870
80504,GAS,44460
80504,HYBRID ELECTRIC VEHICLE,1030
80504,PLUG IN HYBRID ELECTRIC VEHICLE,90
80504,,250
80510,DIESEL,30
80510,FLEXIBLE,30
80510,GAS,390
80510,HYBRID ELECTRIC VEHICLE,0
80510,PLUG IN HYBRID ELECTRIC VEHICLE,0
80510,,0
80511,DIESEL,0
80511,FLEXIBLE,10
80511,GAS,150
80511,HYBRID ELECTRIC VEHICLE,0
80511,,0
80512,CONVERTIBLE,0
80512,DIESEL,270
80512,ELECTRIC VEHICLE,0
80512,FLEXIBLE,180
80512,GAS,2290
80512,HYBRID ELECTRIC VEHICLE,50
80512,PLUG IN HYBRID ELECTRIC VEHICLE,0
80512,,30
80513,DIESEL,1260
80513,ELECTRIC VEHICLE,20
80513,FLEXIBLE,1070
80513,GAS,12080
80513,HYBRID ELECTRIC VEHICLE,230
80513,PLUG IN HYBRID ELECTRIC VEHICLE,20
80513,,140
80514,CONVERTIBLE,0
80514,DIESEL,250
80514,ELECTRIC VEHICLE,0
80514,FLEXIBLE,370
80514,GAS,4640
80514,HYBRID ELECTRIC VEHICLE,50
80514,PLUG IN HYBRID ELECTRIC VEHICLE,0
80514,,50
80515,DIESEL,60
80515,ELECTRIC VEHICLE,0
80515,FLEXIBLE,40
80515,GAS,760
80515,HYBRID ELECTRIC VEHICLE,0
80515,,10
80516,COMPRESSED NATURAL GAS,0
80516,CONVERTIBLE,0
80516,DIESEL,1050
80516,ELECTRIC VEHICLE,100
80516,FLEXIBLE,1840
80516,GAS,20290
80516,HYBRID ELECTRIC VEHICLE,620
80516,PLUG IN HYBRID ELECTRIC VEHICLE,70
80516,,90
80517,CONVERTIBLE,0
80517,DIESEL,570
80517,ELECTRIC VEHICLE,10
80517,FLEXIBLE,800
80517,GAS,10700
80517,HYBRID ELECTRIC VEHICLE,170
80517,PLUG IN HYBRID ELECTRIC VEHICLE,0
80517,,60
80520,DIESEL,120
80520,ELECTRIC VEHICLE,0
80520,FLEXIBLE,110
80520,GAS,1600
80520,HYBRID ELECTRIC VEHICLE,10
80520,PLUG IN HYBRID ELECTRIC VEHICLE,0
80520,,10
80521,COMPRESSED NATURAL GAS,0
80521,CONVERTIBLE,10
80521,DIESEL,610
80521,ELECTRIC VEHICLE,50
80521,FLEXIBLE,1200
80521,GAS,19840
80521,HYBRID ELECTRIC VEHICLE,580
80521,PLUG IN HYBRID ELECTRIC VEHICLE,20
80521,PROPANE,0
80521,,160
80522,DIESEL,10
80522,FLEXIBLE,0
80522,GAS,60
80522,HYBRID ELECTRIC VEHICLE,0
80522,,0
80524,COMPRESSED NATURAL GAS,0
80524,CONVERTIBLE,0
80524,DIESEL,2090
80524,ELECTRIC VEHICLE,80
80524,FLEXIBLE,2650
80524,GAS,31190
80524,HYBRID ELECTRIC VEHICLE,770
80524,PLUG IN HYBRID ELECTRIC VEHICLE,40
80524,PROPANE,0
80524,,270
80525,COMPRESSED NATURAL GAS,0
80525,CONVERTIBLE,10
80525,DIESEL,1160
80525,ELECTRIC VEHICLE,110
80525,FLEXIBLE,2790
80525,GAS,40060
80525,HYBRID ELECTRIC VEHICLE,1250
80525,PLUG IN HYBRID ELECTRIC VEHICLE,70
80525,,200
80526,COMPRESSED NATURAL GAS,0
80526,CONVERTIBLE,0
80526,DIESEL,1020
80526,ELECTRIC VEHICLE,90
80526,FLEXIBLE,2190
80526,GAS,33790
80526,HYBRID ELECTRIC VEHICLE,940
80526,PLUG IN HYBRID ELECTRIC VEHICLE,40
80526,,160
80527,DIESEL,0
80527,FLEXIBLE,0
80527,GAS,20
80528,COMPRESSED NATURAL GAS,0
80528,CONVERTIBLE,0
80528,DIESEL,500
80528,ELECTRIC VEHICLE,50
80528,FLEXIBLE,1400
80528,GAS,15500
80528,HYBRID ELECTRIC VEHICLE,470
80528,PLUG IN HYBRID ELECTRIC VEHICLE,30
80528,,50
80530,DIESEL,250
80530,ELECTRIC VEHICLE,0
80530,FLEXIBLE,330
80530,GAS,3890
80530,HYBRID ELECTRIC VEHICLE,70
80530,PLUG IN HYBRID ELECTRIC VEHICLE,0
80530,,30
80532,DIESEL,10
80532,FLEXIBLE,20
80532,GAS,350
80532,HYBRID ELECTRIC VEHICLE,0
80532,PLUG IN HYBRID ELECTRIC VEHICLE,0
80532,,0
80533,DIESEL,0
80533,GAS,30
80534,CONVERTIBLE,0
80534,DIESEL,1200
80534,ELECTRIC VEHICLE,10
80534,FLEXIBLE,1460
80534,GAS,13120
80534,HYBRID ELECTRIC VEHICLE,200
80534,PLUG IN HYBRID ELECTRIC VEHICLE,10
80534,,100
80535,DIESEL,250
80535,ELECTRIC VEHICLE,0
80535,FLEXIBLE,150
80535,GAS,2520
80535,HYBRID ELECTRIC VEHICLE,40
80535,PLUG IN HYBRID ELECTRIC VEHICLE,0
80535,,20
80536,DIESEL,410
80536,ELECTRIC VEHICLE,0
80536,FLEXIBLE,200
80536,GAS,2140
80536,HYBRID ELECTRIC VEHICLE,30
80536,PLUG IN HYBRID ELECTRIC VEHICLE,0
80536,,10
80537,COMPRESSED NATURAL GAS,0
80537,CONVERTIBLE,0
80537,DIESEL,2250
80537,ELECTRIC VEHICLE,40
80537,FLEXIBLE,3130
80537,GAS,37140
80537,HYBRID ELECTRIC VEHICLE,670
80537,PLUG IN HYBRID ELECTRIC VEHICLE,40
80537,,330
80538,CONVERTIBLE,10
80538,DIESEL,2010
80538,ELECTRIC VEHICLE,60
80538,FLEXIBLE,3320
80538,GAS,40780
80538,HYBRID ELECTRIC VEHICLE,830
80538,PLUG IN HYBRID ELECTRIC VEHICLE,40
80538,,230
80539,DIESEL,10
80539,GAS,40
80539,,0
80540,CONVERTIBLE,0
80540,DIESEL,310
80540,ELECTRIC VEHICLE,30
80540,FLEXIBLE,250
80540,GAS,4320
80540,HYBRID ELECTRIC VEHICLE,130
80540,PLUG IN HYBRID ELECTRIC VEHICLE,0
80540,,30
80541,DIESEL,0
80541,FLEXIBLE,0
80541,GAS,90
80541,HYBRID ELECTRIC VEHICLE,0
80542,CONVERTIBLE,0
80542,DIESEL,430
80542,ELECTRIC VEHICLE,0
80542,FLEXIBLE,420
80542,GAS,3990
80542,HYBRID ELECTRIC VEHICLE,70
80542,PLUG IN HYBRID ELECTRIC VEHICLE,0
80542,,20
80543,CONVERTIBLE,0
80543,DIESEL,600
80543,ELECTRIC VEHICLE,0
80543,FLEXIBLE,570
80543,GAS,5590
80543,HYBRID ELECTRIC VEHICLE,60
80543,PLUG IN HYBRID ELECTRIC VEHICLE,0
80543,,50
80544,DIESEL,0
80544,FLEXIBLE,0
80544,GAS,140
80544,HYBRID ELECTRIC VEHICLE,0
80544,,0
80545,DIESEL,130
80545,ELECTRIC VEHICLE,0
80545,FLEXIBLE,90
80545,GAS,1170
80545,HYBRID ELECTRIC VEHICLE,10
80545,,0
80546,DIESEL,0
80546,FLEXIBLE,0
80546,GAS,0
80546,HYBRID ELECTRIC VEHICLE,0
80547,DIESEL,130
80547,ELECTRIC VEHICLE,10
80547,FLEXIBLE,250
80547,GAS,2500
80547,HYBRID ELECTRIC VEHICLE,60
80547,PLUG IN HYBRID ELECTRIC VEHICLE,0
80547,,0
80549,CONVERTIBLE,0
80549,DIESEL,1030
80549,ELECTRIC VEHICLE,10
80549,FLEXIBLE,870
80549,GAS,9250
80549,HYBRID ELECTRIC VEHICLE,120
80549,PLUG IN HYBRID ELECTRIC VEHICLE,10
80549,,70
80550,COMPRESSED NATURAL GAS,0
80550,CONVERTIBLE,0
80550,DIESEL,1800
80550,ELECTRIC VEHICLE,30
80550,FLEXIBLE,2390
80550,GAS,22800
80550,HYBRID ELECTRIC VEHICLE,460
80550,PLUG IN HYBRID ELECTRIC VEHICLE,30
80550,,140
80551,GAS,0
80601,COMPRESSED NATURAL GAS,0
80601,CONVERTIBLE,10
80601,DIESEL,1530
80601,ELECTRIC VEHICLE,10
80601,FLEXIBLE,2830
80601,GAS,27770
80601,HYBRID ELECTRIC VEHICLE,320
80601,PLUG IN HYBRID ELECTRIC VEHICLE,20
80601,,200
80602,COMPRESSED NATURAL GAS,0
80602,CONVERTIBLE,0
80602,DIESEL,1540
80602,ELECTRIC VEHICLE,50
80602,FLEXIBLE,2720
80602,GAS,27350
80602,HYBRID ELECTRIC VEHICLE,510
80602,PLUG IN HYBRID ELECTRIC VEHICLE,40
80602,,110
80603,COMPRESSED NATURAL GAS,0
80603,CONVERTIBLE,0
80603,DIESEL,1640
80603,ELECTRIC VEHICLE,0
80603,FLEXIBLE,1450
80603,GAS,14550
80603,HYBRID ELECTRIC VEHICLE,200
80603,PLUG IN HYBRID ELECTRIC VEHICLE,10
80603,,130
80610,COMPRESSED NATURAL GAS,0
80610,CONVERTIBLE,0
80610,DIESEL,490
80610,ELECTRIC VEHICLE,0
80610,FLEXIBLE,350
80610,GAS,3420
80610,HYBRID ELECTRIC VEHICLE,20
80610,PLUG IN HYBRID ELECTRIC VEHICLE,0
80610,,30
80611,DIESEL,210
80611,FLEXIBLE,60
80611,GAS,840
80611,HYBRID ELECTRIC VEHICLE,0
80611,,0
80612,DIESEL,160
80612,ELECTRIC VEHICLE,0
80612,FLEXIBLE,50
80612,GAS,640
80612,HYBRID ELECTRIC VEHICLE,0
80612,,0
80614,DIESEL,0
80614,GAS,50
80614,,0
80615,CONVERTIBLE,0
80615,DIESEL,1070
80615,ELECTRIC VEHICLE,0
80615,FLEXIBLE,930
80615,GAS,7670
80615,HYBRID ELECTRIC VEHICLE,90
80615,PLUG IN HYBRID ELECTRIC VEHICLE,0
80615,,80
80620,COMPRESSED NATURAL GAS,0
80620,CONVERTIBLE,0
80620,DIESEL,600
80620,ELECTRIC VEHICLE,0
80620,FLEXIBLE,1420
80620,GAS,13590
80620,HYBRID ELECTRIC VEHICLE,120
80620,PLUG IN HYBRID ELECTRIC VEHICLE,0
80620,,70
80621,COMPRESSED NATURAL GAS,0
80621,CONVERTIBLE,0
80621,DIESEL,1990
80621,ELECTRIC VEHICLE,0
80621,FLEXIBLE,1500
80621,GAS,12460
80621,HYBRID ELECTRIC VEHICLE,70
80621,PLUG IN HYBRID ELECTRIC VEHICLE,0
80621,,220
80622,DIESEL,60
80622,FLEXIBLE,10
80622,GAS,320
80622,HYBRID ELECTRIC VEHICLE,0
80622,,0
80623,CONVERTIBLE,0
80623,DIESEL,80
80623,ELECTRIC VEHICLE,0
80623,FLEXIBLE,70
80623,GAS,1340
80623,HYBRID ELECTRIC VEHICLE,0
80623,,10
80624,CONVERTIBLE,0
80624,DIESEL,320
80624,ELECTRIC VEHICLE,0
80624,FLEXIBLE,130
80624,GAS,1230
80624,HYBRID ELECTRIC VEHICLE,0
80624,,10
80631,COMPRESSED NATURAL GAS,0
80631,CONVERTIBLE,20
80631,DIESEL,1950
80631,ELECTRIC VEHICLE,20
80631,FLEXIBLE,3200
80631,GAS,33510
80631,HYBRID ELECTRIC VEHICLE,340
80631,PLUG IN HYBRID ELECTRIC VEHICLE,0
80631,,290
80632,DIESEL,10
80632,FLEXIBLE,0
80632,GAS,50
80632,,0
80634,COMPRESSED NATURAL GAS,0
80634,CONVERTIBLE,10
80634,DIESEL,2180
80634,ELECTRIC VEHICLE,30
80634,FLEXIBLE,4780
80634,GAS,48420
80634,HYBRID ELECTRIC VEHICLE,790
80634,PLUG IN HYBRID ELECTRIC VEHICLE,30
80634,,270
80638,CONVERTIBLE,0
80638,DIESEL,80
80638,ELECTRIC VEHICLE,0
80638,FLEXIBLE,80
80638,GAS,2410
80638,HYBRID ELECTRIC VEHICLE,30
80638,PLUG IN HYBRID ELECTRIC VEHICLE,0
80638,,0
80639,COMPRESSED NATURAL GAS,0
80639,DIESEL,0
80639,FLEXIBLE,20
80639,GAS,80
80639,HYBRID ELECTRIC VEHICLE,0
80639,,0
80640,COMPRESSED NATURAL GAS,0
80640,CONVERTIBLE,0
80640,DIESEL,770
80640,ELECTRIC VEHICLE,0
80640,FLEXIBLE,1320
80640,GAS,10410
80640,HYBRID ELECTRIC VEHICLE,120
80640,PLUG IN HYBRID ELECTRIC VEHICLE,0
80640,,100
80642,CONVERTIBLE,0
80642,DIESEL,830
80642,ELECTRIC VEHICLE,0
80642,FLEXIBLE,430
80642,GAS,4570
80642,HYBRID ELECTRIC VEHICLE,20
80642,PLUG IN HYBRID ELECTRIC VEHICLE,0
80642,PROPANE,0
80642,,50
80643,DIESEL,980
80643,FLEXIBLE,410
80643,GAS,3600
80643,HYBRID ELECTRIC VEHICLE,10
80643,PLUG IN HYBRID ELECTRIC VEHICLE,0
80643,,40
80644,CONVERTIBLE,0
80644,DIESEL,640
80644,ELECTRIC VEHICLE,0
80644,FLEXIBLE,320
80644,GAS,3500
80644,HYBRID ELECTRIC VEHICLE,10
80644,PLUG IN HYBRID ELECTRIC VEHICLE,0
80644,,40
80645,CONVERTIBLE,0
80645,DIESEL,700
80645,ELECTRIC VEHICLE,0
80645,FLEXIBLE,500
80645,GAS,4160
80645,HYBRID ELECTRIC VEHICLE,20
80645,PLUG IN HYBRID ELECTRIC VEHICLE,0
80645,,70
80646,DIESEL,10
80646,FLEXIBLE,20
80646,GAS,120
80646,HYBRID ELECTRIC VEHICLE,0
80646,,0
80648,CONVERTIBLE,0
80648,DIESEL,270
80648,ELECTRIC VEHICLE,0
80648,FLEXIBLE,140
80648,GAS,1230
80648,HYBRID ELECTRIC VEHICLE,0
80648,,10
80649,DIESEL,80
80649,FLEXIBLE,30
80649,GAS,340
80649,HYBRID ELECTRIC VEHICLE,0
80649,PLUG IN HYBRID ELECTRIC VEHICLE,0
80649,,0
80650,DIESEL,280
80650,ELECTRIC VEHICLE,0
80650,FLEXIBLE,160
80650,GAS,1900
80650,HYBRID ELECTRIC VEHICLE,10
80650,,20
80651,COMPRESSED NATURAL GAS,0
80651,CONVERTIBLE,0
80651,DIESEL,950
80651,ELECTRIC VEHICLE,0
80651,FLEXIBLE,680
80651,GAS,5770
80651,HYBRID ELECTRIC VEHICLE,50
80651,PLUG IN HYBRID ELECTRIC VEHICLE,0
80651,,50
80652,DIESEL,150
80652,FLEXIBLE,60
80652,GAS,740
80652,HYBRID ELECTRIC VEHICLE,0
80652,,10
80653,CONVERTIBLE,0
80653,DIESEL,220
80653,FLEXIBLE,80
80653,GAS,1060
80653,HYBRID ELECTRIC VEHICLE,10
80653,,10
80654,CONVERTIBLE,0
80654,DIESEL,540
80654,FLEXIBLE,290
80654,GAS,2760
80654,HYBRID ELECTRIC VEHICLE,20
80654,PLUG IN HYBRID ELECTRIC VEHICLE,0
80654,,40
80701,COMPRESSED NATURAL GAS,0
80701,CONVERTIBLE,0
80701,DIESEL,1470
80701,FLEXIBLE,1720
80701,GAS,14750
80701,HYBRID ELECTRIC VEHICLE,160
80701,PLUG IN HYBRID ELECTRIC VEHICLE,0
80701,,150
80705,CONVERTIBLE,0
80705,DIESEL,40
80705,FLEXIBLE,60
80705,GAS,850
80705,HYBRID ELECTRIC VEHICLE,0
80705,,0
80720,CONVERTIBLE,0
80720,DIESEL,430
80720,FLEXIBLE,300
80720,GAS,2720
80720,HYBRID ELECTRIC VEHICLE,10
80720,,30
80721,DIESEL,30
80721,FLEXIBLE,10
80721,GAS,170
80721,HYBRID ELECTRIC VEHICLE,0
80721,,0
80722,DIESEL,70
80722,FLEXIBLE,40
80722,GAS,410
80722,HYBRID ELECTRIC VEHICLE,0
80722,,0
80723,COMPRESSED NATURAL GAS,0
80723,CONVERTIBLE,0
80723,DIESEL,560
80723,ELECTRIC VEHICLE,0
80723,FLEXIBLE,630
80723,GAS,5940
80723,HYBRID ELECTRIC VEHICLE,40
80723,PLUG IN HYBRID ELECTRIC VEHICLE,0
80723,,40
80726,DIESEL,100
80726,FLEXIBLE,70
80726,GAS,450
80726,HYBRID ELECTRIC VEHICLE,0
80726,,10
80727,DIESEL,100
80727,FLEXIBLE,40
80727,GAS,390
80727,HYBRID ELECTRIC VEHICLE,0
80727,,0
80728,DIESEL,140
80728,FLEXIBLE,130
80728,GAS,860
80728,HYBRID ELECTRIC VEHICLE,0
80728,,0
80729,CONVERTIBLE,0
80729,DIESEL,130
80729,FLEXIBLE,50
80729,GAS,460
80729,HYBRID ELECTRIC VEHICLE,0
80731,DIESEL,220
80731,FLEXIBLE,190
80731,GAS,1520
80731,HYBRID ELECTRIC VEHICLE,0
80731,PLUG IN HYBRID ELECTRIC VEHICLE,0
80731,,20
80732,DIESEL,10
80732,FLEXIBLE,0
80732,GAS,50
80732,HYBRID ELECTRIC VEHICLE,0
80732,,0
80733,CONVERTIBLE,0
80733,DIESEL,80
80733,FLEXIBLE,60
80733,GAS,570
80733,HYBRID ELECTRIC VEHICLE,0
80733,,0
80734,CONVERTIBLE,0
80734,DIESEL,310
80734,FLEXIBLE,410
80734,GAS,2700
80734,HYBRID ELECTRIC VEHICLE,10
80734,,20
80735,DIESEL,100
80735,FLEXIBLE,50
80735,GAS,380
80735,HYBRID ELECTRIC VEHICLE,0
80735,,0
80736,CONVERTIBLE,0
80736,DIESEL,100
80736,FLEXIBLE,90
80736,GAS,700
80736,HYBRID ELECTRIC VEHICLE,0
80736,PLUG IN HYBRID ELECTRIC VEHICLE,0
80736,,10
80737,CONVERTIBLE,0
80737,DIESEL,170
80737,FLEXIBLE,170
80737,GAS,1640
80737,HYBRID ELECTRIC VEHICLE,10
80737,,20
80740,DIESEL,20
80740,FLEXIBLE,10
80740,GAS,130
80740,HYBRID ELECTRIC VEHICLE,0
80740,,0
80741,CONVERTIBLE,0
80741,DIESEL,160
80741,FLEXIBLE,100
80741,GAS,880
80741,HYBRID ELECTRIC VEHICLE,0
80741,,10
80742,DIESEL,70
80742,FLEXIBLE,30
80742,GAS,280
80742,,0
80743,CONVERTIBLE,0
80743,DIESEL,200
80743,FLEXIBLE,140
80743,GAS,1120
80743,HYBRID ELECTRIC VEHICLE,0
80743,,10
80744,DIESEL,60
80744,FLEXIBLE,60
80744,GAS,490
80744,HYBRID ELECTRIC VEHICLE,0
80744,,0
80745,DIESEL,20
80745,FLEXIBLE,10
80745,GAS,140
80746,DIESEL,0
80746,FLEXIBLE,0
80746,GAS,50
80746,HYBRID ELECTRIC VEHICLE,0
80747,DIESEL,70
80747,ELECTRIC VEHICLE,0
80747,FLEXIBLE,60
80747,GAS,460
80747,HYBRID ELECTRIC VEHICLE,0
80747,,0
80749,DIESEL,80
80749,FLEXIBLE,30
80749,GAS,360
80749,HYBRID ELECTRIC VEHICLE,0
80749,,0
80750,DIESEL,100
80750,FLEXIBLE,40
80750,GAS,440
80750,HYBRID ELECTRIC VEHICLE,0
80750,,0
80751,COMPRESSED NATURAL GAS,0
80751,CONVERTIBLE,0
80751,DIESEL,980
80751,ELECTRIC VEHICLE,0
80751,FLEXIBLE,1500
80751,GAS,12830
80751,HYBRID ELECTRIC VEHICLE,100
80751,PLUG IN HYBRID ELECTRIC VEHICLE,0
80751,,130
80754,DIESEL,30
80754,FLEXIBLE,10
80754,GAS,140
80754,HYBRID ELECTRIC VEHICLE,0
80755,DIESEL,30
80755,FLEXIBLE,20
80755,GAS,180
80755,,0
80757,CONVERTIBLE,0
80757,DIESEL,50
80757,FLEXIBLE,20
80757,GAS,270
80757,HYBRID ELECTRIC VEHICLE,0
80757,,0
80758,CONVERTIBLE,0
80758,DIESEL,540
80758,FLEXIBLE,470
80758,GAS,3540
80758,HYBRID ELECTRIC VEHICLE,10
80758,PROPANE,0
80758,,50
80759,CONVERTIBLE,0
80759,DIESEL,660
80759,FLEXIBLE,660
80759,GAS,4300
80759,HYBRID ELECTRIC VEHICLE,20
80759,,40
80801,DIESEL,40
80801,FLEXIBLE,20
80801,GAS,190
80801,HYBRID ELECTRIC VEHICLE,0
80801,,0
80802,DIESEL,50
80802,FLEXIBLE,40
80802,GAS,220
80802,HYBRID ELECTRIC VEHICLE,0
80802,,0
80804,DIESEL,70
80804,FLEXIBLE,30
80804,GAS,380
80804,HYBRID ELECTRIC VEHICLE,0
80804,,0
80805,COMPRESSED NATURAL GAS,0
80805,DIESEL,90
80805,FLEXIBLE,60
80805,GAS,400
80805,HYBRID ELECTRIC VEHICLE,0
80805,,0
80807,CONVERTIBLE,0
80807,DIESEL,530
80807,FLEXIBLE,630
80807,GAS,3940
80807,HYBRID ELECTRIC VEHICLE,20
80807,PLUG IN HYBRID ELECTRIC VEHICLE,0
80807,,40
80808,CONVERTIBLE,0
80808,DIESEL,1200
80808,FLEXIBLE,460
80808,GAS,6100
80808,HYBRID ELECTRIC VEHICLE,40
80808,PLUG IN HYBRID ELECTRIC VEHICLE,0
80808,,70
80809,DIESEL,90
80809,ELECTRIC VEHICLE,0
80809,FLEXIBLE,90
80809,GAS,1580
80809,HYBRID ELECTRIC VEHICLE,20
80809,PLUG IN HYBRID ELECTRIC VEHICLE,0
80809,,10
80810,DIESEL,250
80810,FLEXIBLE,180
80810,GAS,1140
80810,HYBRID ELECTRIC VEHICLE,0
80810,,20
80812,DIESEL,70
80812,FLEXIBLE,30
80812,GAS,250
80812,HYBRID ELECTRIC VEHICLE,0
80812,PLUG IN HYBRID ELECTRIC VEHICLE,0
80812,,0
80813,DIESEL,150
80813,FLEXIBLE,170
80813,GAS,1950
80813,HYBRID ELECTRIC VEHICLE,0
80813,PLUG IN HYBRID ELECTRIC VEHICLE,0
80813,,10
80814,CONVERTIBLE,0
80814,DIESEL,460
80814,ELECTRIC VEHICLE,0
80814,FLEXIBLE,350
80814,GAS,3960
80814,HYBRID ELECTRIC VEHICLE,30
80814,PLUG IN HYBRID ELECTRIC VEHICLE,0
80814,,20
80815,CONVERTIBLE,0
80815,DIESEL,180
80815,ELECTRIC VEHICLE,0
80815,FLEXIBLE,140
80815,GAS,930
80815,HYBRID ELECTRIC VEHICLE,0
80815,,10
80816,CONVERTIBLE,0
80816,DIESEL,740
80816,ELECTRIC VEHICLE,0
80816,FLEXIBLE,510
80816,GAS,6040
80816,HYBRID ELECTRIC VEHICLE,50
80816,PLUG IN HYBRID ELECTRIC VEHICLE,0
80816,,40
80817,CONVERTIBLE,0
80817,DIESEL,870
80817,ELECTRIC VEHICLE,0
80817,FLEXIBLE,2180
80817,GAS,21880
80817,HYBRID ELECTRIC VEHICLE,210
80817,PLUG IN HYBRID ELECTRIC VEHICLE,0
80817,,120
80818,CONVERTIBLE,0
80818,DIESEL,100
80818,FLEXIBLE,40
80818,GAS,420
80818,HYBRID ELECTRIC VEHICLE,0
80818,,10
80819,DIESEL,20
80819,FLEXIBLE,40
80819,GAS,700
80819,HYBRID ELECTRIC VEHICLE,0
80819,,0
80820,DIESEL,160
80820,ELECTRIC VEHICLE,0
80820,FLEXIBLE,60
80820,GAS,850
80820,HYBRID ELECTRIC VEHICLE,0
80820,,10
80821,CONVERTIBLE,0
80821,DIESEL,160
80821,FLEXIBLE,130
80821,GAS,1160
80821,HYBRID ELECTRIC VEHICLE,0
80821,,10
80822,DIESEL,80
80822,FLEXIBLE,40
80822,GAS,250
80822,,0
80823,DIESEL,60
80823,FLEXIBLE,20
80823,GAS,190
80823,HYBRID ELECTRIC VEHICLE,0
80823,,0
80824,DIESEL,70
80824,FLEXIBLE,30
80824,GAS,270
80824,,0
80825,DIESEL,100
80825,FLEXIBLE,60
80825,GAS,440
80825,HYBRID ELECTRIC VEHICLE,0
80825,,0
80826,DIESEL,0
80826,GAS,0
80826,HYBRID ELECTRIC VEHICLE,0
80827,CONVERTIBLE,0
80827,DIESEL,160
80827,FLEXIBLE,50
80827,GAS,940
80827,HYBRID ELECTRIC VEHICLE,0
80827,PLUG IN HYBRID ELECTRIC VEHICLE,0
80827,,10
80828,DIESEL,320
80828,FLEXIBLE,340
80828,GAS,2550
80828,HYBRID ELECTRIC VEHICLE,10
80828,,20
80829,CONVERTIBLE,0
80829,DIESEL,160
80829,ELECTRIC VEHICLE,0
80829,FLEXIBLE,240
80829,GAS,4720
80829,HYBRID ELECTRIC VEHICLE,120
80829,PLUG IN HYBRID ELECTRIC VEHICLE,10
80829,,40
80830,DIESEL,80
80830,FLEXIBLE,20
80830,GAS,290
80830,PLUG IN HYBRID ELECTRIC VEHICLE,0
80830,,0
80831,CONVERTIBLE,0
80831,DIESEL,2370
80831,ELECTRIC VEHICLE,10
80831,FLEXIBLE,2260
80831,GAS,23100
80831,HYBRID ELECTRIC VEHICLE,340
80831,PLUG IN HYBRID ELECTRIC VEHICLE,20
80831,,150
80832,CONVERTIBLE,0
80832,DIESEL,190
80832,FLEXIBLE,50
80832,GAS,810
80832,HYBRID ELECTRIC VEHICLE,0
80832,,10
80833,DIESEL,150
80833,FLEXIBLE,50
80833,GAS,790
80833,HYBRID ELECTRIC VEHICLE,0
80833,,0
80834,DIESEL,60
80834,FLEXIBLE,50
80834,GAS,350
80834,HYBRID ELECTRIC VEHICLE,0
80834,,0
80835,DIESEL,170
80835,FLEXIBLE,60
80835,GAS,920
80835,HYBRID ELECTRIC VEHICLE,0
80835,,0
80836,CONVERTIBLE,0
80836,DIESEL,280
80836,FLEXIBLE,160
80836,GAS,1210
80836,HYBRID ELECTRIC VEHICLE,0
80836,PLUG IN HYBRID ELECTRIC VEHICLE,0
80836,,0
80840,DIESEL,30
80840,ELECTRIC VEHICLE,0
80840,FLEXIBLE,140
80840,GAS,1420
80840,HYBRID ELECTRIC VEHICLE,20
80840,PLUG IN HYBRID ELECTRIC VEHICLE,0
80840,,0
80841,DIESEL,0
80841,FLEXIBLE,40
80841,GAS,540
80841,HYBRID ELECTRIC VEHICLE,0
80841,,0
80860,DIESEL,40
80860,FLEXIBLE,40
80860,GAS,710
80860,HYBRID ELECTRIC VEHICLE,0
80860,,0
80861,DIESEL,60
80861,FLEXIBLE,30
80861,GAS,320
80861,HYBRID ELECTRIC VEHICLE,0
80861,,0
80862,DIESEL,10
80862,FLEXIBLE,0
80862,GAS,60
80863,CONVERTIBLE,0
80863,DIESEL,920
80863,ELECTRIC VEHICLE,0
80863,FLEXIBLE,990
80863,GAS,11590
80863,HYBRID ELECTRIC VEHICLE,130
80863,PLUG IN HYBRID ELECTRIC VEHICLE,0
80863,,60
80864,DIESEL,230
80864,FLEXIBLE,90
80864,GAS,1500
80864,HYBRID ELECTRIC VEHICLE,0
80864,,10
80866,DIESEL,20
80866,ELECTRIC VEHICLE,0
80866,FLEXIBLE,10
80866,GAS,310
80866,HYBRID ELECTRIC VEHICLE,0
80866,,0
80901,DIESEL,0
80901,FLEXIBLE,0
80901,GAS,30
80902,DIESEL,20
80902,FLEXIBLE,120
80902,GAS,720
80902,HYBRID ELECTRIC VEHICLE,10
80902,,0
80903,COMPRESSED NATURAL GAS,0
80903,CONVERTIBLE,0
80903,DIESEL,320
80903,ELECTRIC VEHICLE,10
80903,FLEXIBLE,830
80903,GAS,12560
80903,HYBRID ELECTRIC VEHICLE,170
80903,PLUG IN HYBRID ELECTRIC VEHICLE,10
80903,,100
80904,COMPRESSED NATURAL GAS,0
80904,CONVERTIBLE,0
80904,DIESEL,520
80904,ELECTRIC VEHICLE,10
80904,FLEXIBLE,1000
80904,GAS,17680
80904,HYBRID ELECTRIC VEHICLE,300
80904,PLUG IN HYBRID ELECTRIC VEHICLE,20
80904,,150
80905,CONVERTIBLE,0
80905,DIESEL,370
80905,ELECTRIC VEHICLE,0
80905,FLEXIBLE,930
80905,GAS,14990
80905,HYBRID ELECTRIC VEHICLE,190
80905,PLUG IN HYBRID ELECTRIC VEHICLE,0
80905,,140
80906,COMPRESSED NATURAL GAS,0
80906,CONVERTIBLE,0
80906,DIESEL,780
80906,ELECTRIC VEHICLE,40
80906,FLEXIBLE,2350
80906,GAS,29890
80906,HYBRID ELECTRIC VEHICLE,580
80906,PLUG IN HYBRID ELECTRIC VEHICLE,50
80906,,140
80907,COMPRESSED NATURAL GAS,0
80907,CONVERTIBLE,10
80907,DIESEL,890
80907,ELECTRIC VEHICLE,20
80907,FLEXIBLE,1860
80907,GAS,26860
80907,HYBRID ELECTRIC VEHICLE,350
80907,PLUG IN HYBRID ELECTRIC VEHICLE,20
80907,,220
80908,CONVERTIBLE,0
80908,DIESEL,1540
80908,ELECTRIC VEHICLE,20
80908,FLEXIBLE,1490
80908,GAS,16090
80908,HYBRID ELECTRIC VEHICLE,270
80908,PLUG IN HYBRID ELECTRIC VEHICLE,10
80908,,140
80909,CONVERTIBLE,10
80909,DIESEL,630
80909,ELECTRIC VEHICLE,10
80909,FLEXIBLE,1730
80909,GAS,28980
80909,HYBRID ELECTRIC VEHICLE,270
80909,PLUG IN HYBRID ELECTRIC VEHICLE,10
80909,,190
80910,CONVERTIBLE,10
80910,DIESEL,340
80910,ELECTRIC VEHICLE,0
80910,FLEXIBLE,1500
80910,GAS,22040
80910,HYBRID ELECTRIC VEHICLE,160
80910,PLUG IN HYBRID ELECTRIC VEHICLE,10
80910,,120
80911,CONVERTIBLE,10
80911,DIESEL,860
80911,ELECTRIC VEHICLE,0
80911,FLEXIBLE,2230
80911,GAS,27370
80911,HYBRID ELECTRIC VEHICLE,240
80911,PLUG IN HYBRID ELECTRIC VEHICLE,10
80911,,180
80912,ELECTRIC VEHICLE,0
80912,GAS,0
80913,DIESEL,120
80913,ELECTRIC VEHICLE,0
80913,FLEXIBLE,850
80913,GAS,7550
80913,HYBRID ELECTRIC VEHICLE,60
80913,PLUG IN HYBRID ELECTRIC VEHICLE,0
80913,,10
80914,DIESEL,0
80914,FLEXIBLE,0
80914,GAS,260
80914,HYBRID ELECTRIC VEHICLE,0
80915,COMPRESSED NATURAL GAS,0
80915,CONVERTIBLE,0
80915,DIESEL,760
80915,ELECTRIC VEHICLE,10
80915,FLEXIBLE,1540
80915,GAS,19200
80915,HYBRID ELECTRIC VEHICLE,190
80915,PLUG IN HYBRID ELECTRIC VEHICLE,10
80915,PROPANE,0
80915,,120
80916,CONVERTIBLE,10
80916,DIESEL,570
80916,ELECTRIC VEHICLE,0
80916,FLEXIBLE,2310
80916,GAS,28560
80916,HYBRID ELECTRIC VEHICLE,220
80916,PLUG IN HYBRID ELECTRIC VEHICLE,10
80916,PROPANE,0
80916,,130
80917,CONVERTIBLE,0
80917,DIESEL,480
80917,ELECTRIC VEHICLE,10
80917,FLEXIBLE,1480
80917,GAS,23240
80917,HYBRID ELECTRIC VEHICLE,290
80917,PLUG IN HYBRID ELECTRIC VEHICLE,10
80917,,110
80918,CONVERTIBLE,0
80918,DIESEL,1080
80918,ELECTRIC VEHICLE,20
80918,FLEXIBLE,2450
80918,GAS,37620
80918,HYBRID ELECTRIC VEHICLE,610
80918,PLUG IN HYBRID ELECTRIC VEHICLE,30
80918,,200
80919,CONVERTIBLE,0
80919,DIESEL,650
80919,ELECTRIC VEHICLE,30
80919,FLEXIBLE,1530
80919,GAS,23640
80919,HYBRID ELECTRIC VEHICLE,540
80919,PLUG IN HYBRID ELECTRIC VEHICLE,20
80919,PROPANE,0
80919,,80
80920,CONVERTIBLE,0
80920,DIESEL,800
80920,ELECTRIC VEHICLE,20
80920,FLEXIBLE,2100
80920,GAS,29980
80920,HYBRID ELECTRIC VEHICLE,610
80920,PLUG IN HYBRID ELECTRIC VEHICLE,40
80920,PROPANE,0
80920,,90
80921,DIESEL,580
80921,ELECTRIC VEHICLE,20
80921,FLEXIBLE,1380
80921,GAS,16990
80921,HYBRID ELECTRIC VEHICLE,380
80921,PLUG IN HYBRID ELECTRIC VEHICLE,40
80921,,50
80922,CONVERTIBLE,0
80922,DIESEL,520
80922,ELECTRIC VEHICLE,0
80922,FLEXIBLE,1760
80922,GAS,20810
80922,HYBRID ELECTRIC VEHICLE,300
80922,PLUG IN HYBRID ELECTRIC VEHICLE,10
80922,,50
80923,CONVERTIBLE,0
80923,DIESEL,510
80923,ELECTRIC VEHICLE,10
80923,FLEXIBLE,1910
80923,GAS,21560
80923,HYBRID ELECTRIC VEHICLE,330
80923,PLUG IN HYBRID ELECTRIC VEHICLE,20
80923,,30
80924,CONVERTIBLE,0
80924,DIESEL,140
80924,ELECTRIC VEHICLE,0
80924,FLEXIBLE,580
80924,GAS,6430
80924,HYBRID ELECTRIC VEHICLE,160
80924,PLUG IN HYBRID ELECTRIC VEHICLE,0
80924,,10
80925,CONVERTIBLE,0
80925,DIESEL,290
80925,ELECTRIC VEHICLE,0
80925,FLEXIBLE,960
80925,GAS,7630
80925,HYBRID ELECTRIC VEHICLE,90
80925,PLUG IN HYBRID ELECTRIC VEHICLE,0
80925,,20
80926,DIESEL,140
80926,FLEXIBLE,100
80926,GAS,1430
80926,HYBRID ELECTRIC VEHICLE,20
80926,,20
80927,DIESEL,90
80927,ELECTRIC VEHICLE,10
80927,FLEXIBLE,310
80927,GAS,2490
80927,HYBRID ELECTRIC VEHICLE,60
80927,PLUG IN HYBRID ELECTRIC VEHICLE,0
80927,,0
80928,COMPRESSED NATURAL GAS,0
80928,DIESEL,150
80928,FLEXIBLE,80
80928,GAS,1000
80928,HYBRID ELECTRIC VEHICLE,0
80928,,0
80929,DIESEL,60
80929,FLEXIBLE,30
80929,GAS,430
80929,HYBRID ELECTRIC VEHICLE,0
80929,PLUG IN HYBRID ELECTRIC VEHICLE,0
80929,,0
80930,DIESEL,110
80930,FLEXIBLE,90
80930,GAS,1170
80930,HYBRID ELECTRIC VEHICLE,10
80930,PLUG IN HYBRID ELECTRIC VEHICLE,0
80930,,10
80931,GAS,0
80931,,0
80932,DIESEL,0
80932,GAS,10
80932,,0
80933,DIESEL,0
80933,GAS,0
80934,DIESEL,0
80934,FLEXIBLE,0
80934,GAS,60
80934,,0
80935,DIESEL,0
80935,FLEXIBLE,0
80935,GAS,100
80935,,0
80936,DIESEL,0
80936,FLEXIBLE,0
80936,GAS,0
80938,DIESEL,0
80938,FLEXIBLE,0
80938,GAS,20
80938,,0
80939,DIESEL,30
80939,FLEXIBLE,40
80939,GAS,160
80939,HYBRID ELECTRIC VEHICLE,0
80939,,0
80941,GAS,0
80946,GAS,0
80947,GAS,0
80949,DIESEL,0
80949,GAS,30
80951,CONVERTIBLE,0
80951,DIESEL,100
80951,FLEXIBLE,300
80951,GAS,3070
80951,HYBRID ELECTRIC VEHICLE,40
80951,PLUG IN HYBRID ELECTRIC VEHICLE,0
80951,,0
80962,DIESEL,0
80962,FLEXIBLE,0
80962,GAS,0
80962,,0
80970,DIESEL,0
80970,FLEXIBLE,0
80970,GAS,10
80970,PLUG IN HYBRID ELECTRIC VEHICLE,0
80970,,0
81001,COMPRESSED NATURAL GAS,0
81001,CONVERTIBLE,0
81001,DIESEL,670
81001,ELECTRIC VEHICLE,0
81001,FLEXIBLE,1580
81001,GAS,22010
81001,HYBRID ELECTRIC VEHICLE,180
81001,PLUG IN HYBRID ELECTRIC VEHICLE,0
81001,,110
81002,GAS,10
81003,COMPRESSED NATURAL GAS,0
81003,CONVERTIBLE,0
81003,DIESEL,340
81003,ELECTRIC VEHICLE,0
81003,FLEXIBLE,920
81003,GAS,11180
81003,HYBRID ELECTRIC VEHICLE,100
81003,PLUG IN HYBRID ELECTRIC VEHICLE,0
81003,PROPANE,0
81003,,70
81004,CONVERTIBLE,0
81004,DIESEL,580
81004,ELECTRIC VEHICLE,0
81004,FLEXIBLE,1170
81004,GAS,18760
81004,HYBRID ELECTRIC VEHICLE,130
81004,PLUG IN HYBRID ELECTRIC VEHICLE,0
81004,,110
81005,COMPRESSED NATURAL GAS,0
81005,CONVERTIBLE,10
81005,DIESEL,950
81005,ELECTRIC VEHICLE,0
81005,FLEXIBLE,2060
81005,GAS,25310
81005,HYBRID ELECTRIC VEHICLE,250
81005,PLUG IN HYBRID ELECTRIC VEHICLE,10
81005,PROPANE,0
81005,,170
81006,COMPRESSED NATURAL GAS,0
81006,CONVERTIBLE,0
81006,DIESEL,1400
81006,ELECTRIC VEHICLE,0
81006,FLEXIBLE,970
81006,GAS,11750
81006,HYBRID ELECTRIC VEHICLE,90
81006,PLUG IN HYBRID ELECTRIC VEHICLE,0
81006,PROPANE,0
81006,,140
81007,CONVERTIBLE,10
81007,DIESEL,2290
81007,ELECTRIC VEHICLE,10
81007,FLEXIBLE,2740
81007,GAS,26960
81007,HYBRID ELECTRIC VEHICLE,370
81007,PLUG IN HYBRID ELECTRIC VEHICLE,20
81007,PROPANE,0
81007,,170
81008,CONVERTIBLE,0
81008,DIESEL,370
81008,ELECTRIC VEHICLE,0
81008,FLEXIBLE,800
81008,GAS,9030
81008,HYBRID ELECTRIC VEHICLE,120
81008,PLUG IN HYBRID ELECTRIC VEHICLE,0
81008,,50
81019,DIESEL,140
81019,FLEXIBLE,150
81019,GAS,1810
81019,HYBRID ELECTRIC VEHICLE,20
81019,PLUG IN HYBRID ELECTRIC VEHICLE,0
81019,,0
81020,CONVERTIBLE,0
81020,DIESEL,150
81020,FLEXIBLE,70
81020,GAS,900
81020,HYBRID ELECTRIC VEHICLE,0
81020,,10
81021,DIESEL,10
81021,FLEXIBLE,0
81021,GAS,20
81021,,0
81022,COMPRESSED NATURAL GAS,0
81022,CONVERTIBLE,0
81022,DIESEL,190
81022,FLEXIBLE,120
81022,GAS,1350
81022,HYBRID ELECTRIC VEHICLE,10
81022,,10
81023,CONVERTIBLE,0
81023,DIESEL,200
81023,ELECTRIC VEHICLE,0
81023,FLEXIBLE,100
81023,GAS,1440
81023,HYBRID ELECTRIC VEHICLE,20
81023,,0
81024,DIESEL,40
81024,FLEXIBLE,10
81024,GAS,280
81024,HYBRID ELECTRIC VEHICLE,0
81024,,0
81025,DIESEL,140
81025,FLEXIBLE,50
81025,GAS,960
81025,HYBRID ELECTRIC VEHICLE,0
81025,PLUG IN HYBRID ELECTRIC VEHICLE,0
81025,,10
81027,DIESEL,20
81027,FLEXIBLE,10
81027,GAS,90
81027,HYBRID ELECTRIC VEHICLE,0
81029,DIESEL,70
81029,FLEXIBLE,50
81029,GAS,330
81029,HYBRID ELECTRIC VEHICLE,0
81029,,0
81030,DIESEL,10
81030,FLEXIBLE,10
81030,GAS,170
81030,HYBRID ELECTRIC VEHICLE,0
81030,,0
81033,DIESEL,0
81033,FLEXIBLE,10
81033,GAS,150
81033,HYBRID ELECTRIC VEHICLE,0
81033,,0
81034,GAS,0
81034,,0
81036,DIESEL,190
81036,FLEXIBLE,110
81036,GAS,990
81036,HYBRID ELECTRIC VEHICLE,0
81036,,10
81038,GAS,0
81039,COMPRESSED NATURAL GAS,0
81039,CONVERTIBLE,0
81039,DIESEL,260
81039,ELECTRIC VEHICLE,0
81039,FLEXIBLE,170
81039,GAS,1740
81039,HYBRID ELECTRIC VEHICLE,10
81039,PLUG IN HYBRID ELECTRIC VEHICLE,0
81039,,10
81040,DIESEL,130
81040,ELECTRIC VEHICLE,0
81040,FLEXIBLE,30
81040,GAS,550
81040,HYBRID ELECTRIC VEHICLE,10
81040,,0
81041,DIESEL,50
81041,FLEXIBLE,60
81041,GAS,680
81041,HYBRID ELECTRIC VEHICLE,0
81041,,0
81043,DIESEL,0
81043,FLEXIBLE,0
81043,GAS,40
81043,,0
81044,DIESEL,30
81044,FLEXIBLE,20
81044,GAS,270
81045,DIESEL,40
81045,FLEXIBLE,10
81045,GAS,120
81045,HYBRID ELECTRIC VEHICLE,0
81045,,0
81046,DIESEL,10
81046,FLEXIBLE,0
81046,GAS,60
81046,,0
81047,CONVERTIBLE,0
81047,DIESEL,230
81047,FLEXIBLE,190
81047,GAS,1440
81047,HYBRID ELECTRIC VEHICLE,0
81047,,10
81049,DIESEL,70
81049,FLEXIBLE,40
81049,GAS,260
81049,,0
81050,CONVERTIBLE,10
81050,DIESEL,630
81050,ELECTRIC VEHICLE,0
81050,FLEXIBLE,880
81050,GAS,8350
81050,HYBRID ELECTRIC VEHICLE,50
81050,,80
81052,COMPRESSED NATURAL GAS,0
81052,CONVERTIBLE,0
81052,DIESEL,710
81052,FLEXIBLE,860
81052,GAS,7700
81052,HYBRID ELECTRIC VEHICLE,20
81052,,80
81054,DIESEL,280
81054,FLEXIBLE,230
81054,GAS,2860
81054,HYBRID ELECTRIC VEHICLE,10
81054,PLUG IN HYBRID ELECTRIC VEHICLE,0
81054,,20
81055,DIESEL,220
81055,ELECTRIC VEHICLE,0
81055,FLEXIBLE,110
81055,GAS,1590
81055,HYBRID ELECTRIC VEHICLE,10
81055,,20
81057,COMPRESSED NATURAL GAS,0
81057,DIESEL,40
81057,FLEXIBLE,50
81057,GAS,390
81057,HYBRID ELECTRIC VEHICLE,0
81057,,0
81058,DIESEL,140
81058,FLEXIBLE,70
81058,GAS,910
81058,HYBRID ELECTRIC VEHICLE,0
81058,PLUG IN HYBRID ELECTRIC VEHICLE,0
81058,,0
81059,CONVERTIBLE,0
81059,DIESEL,50
81059,FLEXIBLE,10
81059,GAS,140
81059,HYBRID ELECTRIC VEHICLE,0
81059,,0
81062,DIESEL,110
81062,FLEXIBLE,50
81062,GAS,660
81062,HYBRID ELECTRIC VEHICLE,0
81062,,0
81063,CONVERTIBLE,0
81063,DIESEL,170
81063,FLEXIBLE,120
81063,GAS,1630
81063,HYBRID ELECTRIC VEHICLE,0
81063,,20
81064,DIESEL,100
81064,FLEXIBLE,40
81064,GAS,300
81064,,0
81067,CONVERTIBLE,0
81067,DIESEL,360
81067,FLEXIBLE,480
81067,GAS,4980
81067,HYBRID ELECTRIC VEHICLE,20
81067,PLUG IN HYBRID ELECTRIC VEHICLE,0
81067,,50
81069,DIESEL,270
81069,ELECTRIC VEHICLE,0
81069,FLEXIBLE,190
81069,GAS,1970
81069,HYBRID ELECTRIC VEHICLE,10
81069,PLUG IN HYBRID ELECTRIC VEHICLE,0
81069,,10
81071,COMPRESSED NATURAL GAS,0
81071,DIESEL,90
81071,FLEXIBLE,50
81071,GAS,300
81071,,0
81073,DIESEL,240
81073,FLEXIBLE,230
81073,GAS,1860
81073,HYBRID ELECTRIC VEHICLE,10
81073,,0
81076,DIESEL,90
81076,ELECTRIC VEHICLE,0
81076,FLEXIBLE,40
81076,GAS,460
81076,HYBRID ELECTRIC VEHICLE,0
81076,,0
81077,DIESEL,50
81077,FLEXIBLE,60
81077,GAS,590
81077,HYBRID ELECTRIC VEHICLE,0
81077,,0
81081,DIESEL,20
81081,FLEXIBLE,0
81081,GAS,100
81081,,0
81082,COMPRESSED NATURAL GAS,0
81082,CONVERTIBLE,0
81082,DIESEL,980
81082,ELECTRIC VEHICLE,0
81082,FLEXIBLE,910
81082,GAS,10730
81082,HYBRID ELECTRIC VEHICLE,100
81082,PLUG IN HYBRID ELECTRIC VEHICLE,0
81082,,90
81084,DIESEL,20
81084,FLEXIBLE,10
81084,GAS,170
81084,,10
81087,DIESEL,20
81087,FLEXIBLE,10
81087,GAS,160
81087,,0
81089,COMPRESSED NATURAL GAS,0
81089,CONVERTIBLE,0
81089,DIESEL,450
81089,ELECTRIC VEHICLE,0
81089,FLEXIBLE,340
81089,GAS,4560
81089,HYBRID ELECTRIC VEHICLE,20
81089,PLUG IN HYBRID ELECTRIC VEHICLE,0
81089,,30
81090,DIESEL,190
81090,FLEXIBLE,150
81090,GAS,980
81090,,10
81091,DIESEL,150
81091,ELECTRIC VEHICLE,0
81091,FLEXIBLE,90
81091,GAS,920
81091,HYBRID ELECTRIC VEHICLE,0
81091,,0
81092,CONVERTIBLE,0
81092,DIESEL,120
81092,FLEXIBLE,100
81092,GAS,780
81092,HYBRID ELECTRIC VEHICLE,0
81092,,0
81101,CONVERTIBLE,0
81101,DIESEL,1080
81101,ELECTRIC VEHICLE,0
81101,FLEXIBLE,1170
81101,GAS,12460
81101,HYBRID ELECTRIC VEHICLE,80
81101,PLUG IN HYBRID ELECTRIC VEHICLE,0
81101,,110
81102,FLEXIBLE,0
81102,GAS,10
81120,CONVERTIBLE,0
81120,DIESEL,260
81120,ELECTRIC VEHICLE,0
81120,FLEXIBLE,210
81120,GAS,2650
81120,HYBRID ELECTRIC VEHICLE,10
81120,,20
81121,DIESEL,40
81121,FLEXIBLE,30
81121,GAS,290
81121,HYBRID ELECTRIC VEHICLE,0
81122,CONVERTIBLE,0
81122,DIESEL,1130
81122,ELECTRIC VEHICLE,0
81122,FLEXIBLE,740
81122,GAS,7940
81122,HYBRID ELECTRIC VEHICLE,80
81122,PLUG IN HYBRID ELECTRIC VEHICLE,0
81122,,40
81123,DIESEL,90
81123,FLEXIBLE,50
81123,GAS,850
81123,HYBRID ELECTRIC VEHICLE,0
81123,,0
81124,DIESEL,10
81124,FLEXIBLE,10
81124,GAS,230
81124,HYBRID ELECTRIC VEHICLE,0
81124,,0
81125,CONVERTIBLE,0
81125,DIESEL,350
81125,FLEXIBLE,300
81125,GAS,2880
81125,HYBRID ELECTRIC VEHICLE,10
81125,,30
81126,DIESEL,20
81126,FLEXIBLE,10
81126,GAS,220
81126,HYBRID ELECTRIC VEHICLE,0
81126,,0
81128,DIESEL,30
81128,FLEXIBLE,10
81128,GAS,110
81129,DIESEL,0
81129,FLEXIBLE,0
81129,GAS,100
81129,,0
81130,DIESEL,120
81130,ELECTRIC VEHICLE,0
81130,FLEXIBLE,110
81130,GAS,1040
81130,HYBRID ELECTRIC VEHICLE,0
81130,,0
81131,DIESEL,80
81131,ELECTRIC VEHICLE,0
81131,FLEXIBLE,40
81131,GAS,1340
81131,HYBRID ELECTRIC VEHICLE,50
81131,PLUG IN HYBRID ELECTRIC VEHICLE,0
81131,,0
81132,CONVERTIBLE,0
81132,DIESEL,420
81132,ELECTRIC VEHICLE,0
81132,FLEXIBLE,250
81132,GAS,3080
81132,HYBRID ELECTRIC VEHICLE,10
81132,,20
81133,DIESEL,110
81133,FLEXIBLE,90
81133,GAS,1140
81133,HYBRID ELECTRIC VEHICLE,0
81133,,10
81136,DIESEL,40
81136,FLEXIBLE,20
81136,GAS,250
81136,HYBRID ELECTRIC VEHICLE,0
81136,,0
81137,CONVERTIBLE,0
81137,DIESEL,900
81137,ELECTRIC VEHICLE,0
81137,FLEXIBLE,540
81137,GAS,4930
81137,HYBRID ELECTRIC VEHICLE,30
81137,PLUG IN HYBRID ELECTRIC VEHICLE,0
81137,,40
81138,DIESEL,0
81138,FLEXIBLE,10
81138,GAS,100
81138,,0
81140,CONVERTIBLE,0
81140,DIESEL,360
81140,ELECTRIC VEHICLE,0
81140,FLEXIBLE,200
81140,GAS,2260
81140,HYBRID ELECTRIC VEHICLE,0
81140,,10
81141,CONVERTIBLE,0
81141,DIESEL,180
81141,FLEXIBLE,100
81141,GAS,1330
81141,HYBRID ELECTRIC VEHICLE,0
81141,,10
81143,DIESEL,120
81143,FLEXIBLE,60
81143,GAS,890
81143,HYBRID ELECTRIC VEHICLE,0
81143,PLUG IN HYBRID ELECTRIC VEHICLE,0
81143,,0
81144,CONVERTIBLE,0
81144,DIESEL,690
81144,FLEXIBLE,680
81144,GAS,6560
81144,HYBRID ELECTRIC VEHICLE,20
81144,,80
81146,DIESEL,80
81146,FLEXIBLE,60
81146,GAS,620
81146,HYBRID ELECTRIC VEHICLE,0
81146,,10
81147,CONVERTIBLE,0
81147,DIESEL,1520
81147,ELECTRIC VEHICLE,0
81147,FLEXIBLE,1120
81147,GAS,11650
81147,HYBRID ELECTRIC VEHICLE,140
81147,PLUG IN HYBRID ELECTRIC VEHICLE,0
81147,,50
81148,DIESEL,40
81148,FLEXIBLE,10
81148,GAS,330
81148,HYBRID ELECTRIC VEHICLE,0
81148,,0
81149,DIESEL,150
81149,FLEXIBLE,80
81149,GAS,900
81149,HYBRID ELECTRIC VEHICLE,0
81149,,10
81151,CONVERTIBLE,0
81151,DIESEL,240
81151,FLEXIBLE,140
81151,GAS,1380
81151,HYBRID ELECTRIC VEHICLE,0
81151,,20
81152,DIESEL,150
81152,FLEXIBLE,110
81152,GAS,1730
81152,HYBRID ELECTRIC VEHICLE,0
81152,,10
81154,DIESEL,150
81154,FLEXIBLE,140
81154,GAS,1340
81154,HYBRID ELECTRIC VEHICLE,10
81154,PLUG IN HYBRID ELECTRIC VEHICLE,0
81154,,10
81155,DIESEL,40
81155,FLEXIBLE,10
81155,GAS,280
81155,HYBRID ELECTRIC VEHICLE,0
81155,,0
81157,DIESEL,10
81157,FLEXIBLE,10
81157,GAS,110
81157,HYBRID ELECTRIC VEHICLE,0
81157,,0
81201,COMPRESSED NATURAL GAS,0
81201,CONVERTIBLE,0
81201,DIESEL,900
81201,ELECTRIC VEHICLE,0
81201,FLEXIBLE,870
81201,GAS,10090
81201,HYBRID ELECTRIC VEHICLE,120
81201,PLUG IN HYBRID ELECTRIC VEHICLE,0
81201,,90
81210,DIESEL,30
81210,FLEXIBLE,40
81210,GAS,380
81210,HYBRID ELECTRIC VEHICLE,0
81210,,0
81211,CONVERTIBLE,0
81211,DIESEL,730
81211,ELECTRIC VEHICLE,0
81211,FLEXIBLE,690
81211,GAS,7580
81211,HYBRID ELECTRIC VEHICLE,60
81211,PLUG IN HYBRID ELECTRIC VEHICLE,0
81211,,70
81212,COMPRESSED NATURAL GAS,0
81212,CONVERTIBLE,0
81212,DIESEL,1900
81212,ELECTRIC VEHICLE,0
81212,FLEXIBLE,1970
81212,GAS,23270
81212,HYBRID ELECTRIC VEHICLE,210
81212,PLUG IN HYBRID ELECTRIC VEHICLE,10
81212,,200
81215,DIESEL,10
81215,FLEXIBLE,10
81215,GAS,80
81215,HYBRID ELECTRIC VEHICLE,0
81215,,0
81220,DIESEL,40
81220,FLEXIBLE,20
81220,GAS,230
81220,HYBRID ELECTRIC VEHICLE,0
81221,CONVERTIBLE,0
81221,DIESEL,30
81221,FLEXIBLE,20
81221,GAS,280
81221,HYBRID ELECTRIC VEHICLE,0
81221,,0
81222,DIESEL,50
81222,FLEXIBLE,20
81222,GAS,340
81222,HYBRID ELECTRIC VEHICLE,0
81223,DIESEL,260
81223,ELECTRIC VEHICLE,0
81223,FLEXIBLE,160
81223,GAS,2100
81223,HYBRID ELECTRIC VEHICLE,10
81223,,10
81224,DIESEL,340
81224,ELECTRIC VEHICLE,0
81224,FLEXIBLE,470
81224,GAS,4290
81224,HYBRID ELECTRIC VEHICLE,60
81224,PLUG IN HYBRID ELECTRIC VEHICLE,0
81224,,30
81225,DIESEL,0
81225,FLEXIBLE,40
81225,GAS,180
81225,HYBRID ELECTRIC VEHICLE,0
81225,,0
81226,COMPRESSED NATURAL GAS,0
81226,CONVERTIBLE,0
81226,DIESEL,500
81226,ELECTRIC VEHICLE,0
81226,FLEXIBLE,400
81226,GAS,5380
81226,HYBRID ELECTRIC VEHICLE,40
81226,PLUG IN HYBRID ELECTRIC VEHICLE,0
81226,,30
81227,DIESEL,0
81227,GAS,0
81228,DIESEL,0
81228,GAS,30
81228,HYBRID ELECTRIC VEHICLE,0
81228,,0
81230,CONVERTIBLE,0
81230,DIESEL,920
81230,ELECTRIC VEHICLE,0
81230,FLEXIBLE,760
81230,GAS,8680
81230,HYBRID ELECTRIC VEHICLE,70
81230,PLUG IN HYBRID ELECTRIC VEHICLE,0
81230,,60
81231,DIESEL,0
81231,FLEXIBLE,0
81231,GAS,20
81232,DIESEL,0
81232,FLEXIBLE,0
81232,GAS,40
81232,HYBRID ELECTRIC VEHICLE,0
81232,PLUG IN HYBRID ELECTRIC VEHICLE,0
81232,,0
81233,DIESEL,140
81233,FLEXIBLE,60
81233,GAS,910
81233,HYBRID ELECTRIC VEHICLE,0
81233,,0
81235,DIESEL,70
81235,ELECTRIC VEHICLE,0
81235,FLEXIBLE,110
81235,GAS,850
81235,HYBRID ELECTRIC VEHICLE,0
81235,PLUG IN HYBRID ELECTRIC VEHICLE,0
81235,,0
81236,DIESEL,170
81236,ELECTRIC VEHICLE,0
81236,FLEXIBLE,140
81236,GAS,1310
81236,HYBRID ELECTRIC VEHICLE,10
81236,PLUG IN HYBRID ELECTRIC VEHICLE,0
81236,,10
81237,CONVERTIBLE,0
81237,DIESEL,10
81237,FLEXIBLE,10
81237,GAS,100
81237,HYBRID ELECTRIC VEHICLE,0
81237,PLUG IN HYBRID ELECTRIC VEHICLE,0
81237,,0
81239,DIESEL,10
81239,FLEXIBLE,0
81239,GAS,80
81239,HYBRID ELECTRIC VEHICLE,0
81240,CONVERTIBLE,0
81240,DIESEL,800
81240,FLEXIBLE,330
81240,GAS,4340
81240,HYBRID ELECTRIC VEHICLE,20
81240,,40
81241,DIESEL,20
81241,FLEXIBLE,0
81241,GAS,160
81241,HYBRID ELECTRIC VEHICLE,0
81241,,0
81242,DIESEL,0
81242,FLEXIBLE,0
81242,GAS,60
81242,HYBRID ELECTRIC VEHICLE,0
81242,,0
81243,DIESEL,30
81243,FLEXIBLE,10
81243,GAS,120
81243,HYBRID ELECTRIC VEHICLE,0
81243,,0
81244,DIESEL,60
81244,FLEXIBLE,30
81244,GAS,420
81244,HYBRID ELECTRIC VEHICLE,0
81244,,0
81248,DIESEL,10
81248,FLEXIBLE,0
81248,GAS,60
81251,DIESEL,30
81251,ELECTRIC VEHICLE,0
81251,FLEXIBLE,20
81251,GAS,320
81251,HYBRID ELECTRIC VEHICLE,0
81251,,0
81252,DIESEL,730
81252,ELECTRIC VEHICLE,0
81252,FLEXIBLE,470
81252,GAS,4430
81252,HYBRID ELECTRIC VEHICLE,40
81252,PLUG IN HYBRID ELECTRIC VEHICLE,0
81252,,30
81253,DIESEL,100
81253,FLEXIBLE,30
81253,GAS,420
81253,HYBRID ELECTRIC VEHICLE,0
81253,,0
81301,CONVERTIBLE,0
81301,DIESEL,1710
81301,ELECTRIC VEHICLE,40
81301,FLEXIBLE,1900
81301,GAS,24160
81301,HYBRID ELECTRIC VEHICLE,410
81301,PLUG IN HYBRID ELECTRIC VEHICLE,10
81301,,130
81302,DIESEL,20
81302,FLEXIBLE,20
81302,GAS,120
81302,HYBRID ELECTRIC VEHICLE,0
81302,,0
81303,COMPRESSED NATURAL GAS,0
81303,CONVERTIBLE,0
81303,DIESEL,1130
81303,ELECTRIC VEHICLE,0
81303,FLEXIBLE,840
81303,GAS,8030
81303,HYBRID ELECTRIC VEHICLE,90
81303,PLUG IN HYBRID ELECTRIC VEHICLE,0
81303,,50
81320,DIESEL,60
81320,FLEXIBLE,20
81320,GAS,360
81320,HYBRID ELECTRIC VEHICLE,0
81320,,0
81321,CONVERTIBLE,0
81321,DIESEL,1470
81321,ELECTRIC VEHICLE,0
81321,FLEXIBLE,1220
81321,GAS,11880
81321,HYBRID ELECTRIC VEHICLE,100
81321,PLUG IN HYBRID ELECTRIC VEHICLE,0
81321,,90
81323,CONVERTIBLE,0
81323,DIESEL,740
81323,ELECTRIC VEHICLE,0
81323,FLEXIBLE,440
81323,GAS,4500
81323,HYBRID ELECTRIC VEHICLE,30
81323,PLUG IN HYBRID ELECTRIC VEHICLE,0
81323,,30
81324,DIESEL,300
81324,FLEXIBLE,130
81324,GAS,1430
81324,HYBRID ELECTRIC VEHICLE,10
81324,,20
81325,DIESEL,40
81325,FLEXIBLE,0
81325,GAS,140
81325,HYBRID ELECTRIC VEHICLE,0
81325,,0
81326,DIESEL,420
81326,ELECTRIC VEHICLE,0
81326,FLEXIBLE,180
81326,GAS,2250
81326,HYBRID ELECTRIC VEHICLE,30
81326,PLUG IN HYBRID ELECTRIC VEHICLE,0
81326,,10
81327,DIESEL,140
81327,FLEXIBLE,70
81327,GAS,620
81327,HYBRID ELECTRIC VEHICLE,0
81327,,10
81328,CONVERTIBLE,0
81328,DIESEL,710
81328,ELECTRIC VEHICLE,0
81328,FLEXIBLE,310
81328,GAS,4080
81328,HYBRID ELECTRIC VEHICLE,60
81328,PLUG IN HYBRID ELECTRIC VEHICLE,0
81328,,20
81329,CONVERTIBLE,0
81329,DIESEL,10
81329,FLEXIBLE,0
81329,GAS,80
81329,HYBRID ELECTRIC VEHICLE,0
81330,DIESEL,0
81330,GAS,20
81330,HYBRID ELECTRIC VEHICLE,0
81331,DIESEL,110
81331,FLEXIBLE,20
81331,GAS,370
81331,HYBRID ELECTRIC VEHICLE,0
81331,,0
81332,DIESEL,20
81332,FLEXIBLE,10
81332,GAS,210
81332,HYBRID ELECTRIC VEHICLE,0
81334,DIESEL,80
81334,FLEXIBLE,150
81334,GAS,1190
81334,HYBRID ELECTRIC VEHICLE,0
81334,,0
81335,DIESEL,70
81335,FLEXIBLE,10
81335,GAS,180
81335,HYBRID ELECTRIC VEHICLE,0
81335,PLUG IN HYBRID ELECTRIC VEHICLE,0
81335,,0
81401,CONVERTIBLE,10
81401,DIESEL,1540
81401,ELECTRIC VEHICLE,0
81401,FLEXIBLE,1520
81401,GAS,19180
81401,HYBRID ELECTRIC VEHICLE,160
81401,PLUG IN HYBRID ELECTRIC VEHICLE,0
81401,,110
81402,DIESEL,0
81402,FLEXIBLE,0
81402,GAS,40
81402,,0
81403,CONVERTIBLE,0
81403,DIESEL,1470
81403,ELECTRIC VEHICLE,0
81403,FLEXIBLE,950
81403,GAS,10910
81403,HYBRID ELECTRIC VEHICLE,150
81403,PLUG IN HYBRID ELECTRIC VEHICLE,0
81403,,80
81410,DIESEL,260
81410,FLEXIBLE,110
81410,GAS,1770
81410,HYBRID ELECTRIC VEHICLE,10
81410,,20
81411,CONVERTIBLE,0
81411,DIESEL,10
81411,FLEXIBLE,0
81411,GAS,90
81411,,0
81413,CONVERTIBLE,0
81413,DIESEL,680
81413,ELECTRIC VEHICLE,0
81413,FLEXIBLE,360
81413,GAS,5270
81413,HYBRID ELECTRIC VEHICLE,70
81413,PLUG IN HYBRID ELECTRIC VEHICLE,0
81413,,50
81414,DIESEL,0
81414,FLEXIBLE,0
81414,GAS,20
81415,DIESEL,370
81415,FLEXIBLE,100
81415,GAS,1670
81415,HYBRID ELECTRIC VEHICLE,10
81415,PLUG IN HYBRID ELECTRIC VEHICLE,0
81415,,10
81416,COMPRESSED NATURAL GAS,0
81416,CONVERTIBLE,0
81416,DIESEL,1450
81416,FLEXIBLE,940
81416,GAS,12260
81416,HYBRID ELECTRIC VEHICLE,100
81416,PLUG IN HYBRID ELECTRIC VEHICLE,0
81416,,110
81418,CONVERTIBLE,0
81418,DIESEL,240
81418,FLEXIBLE,100
81418,GAS,1620
81418,HYBRID ELECTRIC VEHICLE,0
81418,,20
81419,CONVERTIBLE,0
81419,DIESEL,740
81419,FLEXIBLE,240
81419,GAS,3800
81419,HYBRID ELECTRIC VEHICLE,50
81419,PLUG IN HYBRID ELECTRIC VEHICLE,0
81419,,30
81420,DIESEL,0
81420,GAS,20
81422,DIESEL,60
81422,FLEXIBLE,30
81422,GAS,510
81422,HYBRID ELECTRIC VEHICLE,0
81422,,0
81423,DIESEL,290
81423,FLEXIBLE,90
81423,GAS,1470
81423,HYBRID ELECTRIC VEHICLE,0
81423,PLUG IN HYBRID ELECTRIC VEHICLE,0
81423,,10
81424,DIESEL,250
81424,FLEXIBLE,70
81424,GAS,1090
81424,HYBRID ELECTRIC VEHICLE,0
81424,,10
81425,CONVERTIBLE,0
81425,DIESEL,790
81425,FLEXIBLE,310
81425,GAS,4470
81425,HYBRID ELECTRIC VEHICLE,20
81425,PLUG IN HYBRID ELECTRIC VEHICLE,0
81425,,20
81426,DIESEL,10
81426,FLEXIBLE,10
81426,GAS,200
81426,HYBRID ELECTRIC VEHICLE,0
81426,,0
81427,DIESEL,90
81427,FLEXIBLE,160
81427,GAS,1170
81427,HYBRID ELECTRIC VEHICLE,10
81427,,0
81428,DIESEL,470
81428,ELECTRIC VEHICLE,0
81428,FLEXIBLE,190
81428,GAS,3540
81428,HYBRID ELECTRIC VEHICLE,90
81428,PLUG IN HYBRID ELECTRIC VEHICLE,0
81428,,20
81429,DIESEL,10
81429,FLEXIBLE,0
81429,GAS,110
81429,HYBRID ELECTRIC VEHICLE,0
81429,,0
81430,DIESEL,60
81430,FLEXIBLE,40
81430,GAS,430
81430,HYBRID ELECTRIC VEHICLE,0
81430,,0
81431,DIESEL,90
81431,FLEXIBLE,30
81431,GAS,310
81431,HYBRID ELECTRIC VEHICLE,0
81431,,0
81432,DIESEL,400
81432,ELECTRIC VEHICLE,0
81432,FLEXIBLE,270
81432,GAS,3220
81432,HYBRID ELECTRIC VEHICLE,60
81432,PLUG IN HYBRID ELECTRIC VEHICLE,0
81432,,10
81433,DIESEL,50
81433,FLEXIBLE,40
81433,GAS,750
81433,HYBRID ELECTRIC VEHICLE,0
81433,,0
81434,DIESEL,50
81434,FLEXIBLE,0
81434,GAS,130
81434,,0
81435,DIESEL,300
81435,ELECTRIC VEHICLE,20
81435,FLEXIBLE,590
81435,GAS,5100
81435,HYBRID ELECTRIC VEHICLE,90
81435,PLUG IN HYBRID ELECTRIC VEHICLE,0
81435,,20
81501,COMPRESSED NATURAL GAS,0
81501,CONVERTIBLE,0
81501,DIESEL,810
81501,ELECTRIC VEHICLE,10
81501,FLEXIBLE,1270
81501,GAS,16110
81501,HYBRID ELECTRIC VEHICLE,170
81501,PLUG IN HYBRID ELECTRIC VEHICLE,0
81501,,100
81502,DIESEL,10
81502,FLEXIBLE,0
81502,GAS,50
81502,HYBRID ELECTRIC VEHICLE,0
81502,,0
81503,CONVERTIBLE,0
81503,DIESEL,1100
81503,ELECTRIC VEHICLE,0
81503,FLEXIBLE,950
81503,GAS,12760
81503,HYBRID ELECTRIC VEHICLE,110
81503,PLUG IN HYBRID ELECTRIC VEHICLE,0
81503,,100
81504,COMPRESSED NATURAL GAS,0
81504,CONVERTIBLE,10
81504,DIESEL,1750
81504,ELECTRIC VEHICLE,0
81504,FLEXIBLE,2010
81504,GAS,23740
81504,HYBRID ELECTRIC VEHICLE,180
81504,PLUG IN HYBRID ELECTRIC VEHICLE,0
81504,,120
81505,CONVERTIBLE,0
81505,DIESEL,1400
81505,ELECTRIC VEHICLE,0
81505,FLEXIBLE,1220
81505,GAS,10200
81505,HYBRID ELECTRIC VEHICLE,130
81505,PLUG IN HYBRID ELECTRIC VEHICLE,0
81505,,100
81506,DIESEL,570
81506,ELECTRIC VEHICLE,0
81506,FLEXIBLE,820
81506,GAS,9320
81506,HYBRID ELECTRIC VEHICLE,170
81506,PLUG IN HYBRID ELECTRIC VEHICLE,0
81506,,70
81507,COMPRESSED NATURAL GAS,0
81507,CONVERTIBLE,0
81507,DIESEL,1040
81507,ELECTRIC VEHICLE,10
81507,FLEXIBLE,1150
81507,GAS,13830
81507,HYBRID ELECTRIC VEHICLE,280
81507,PLUG IN HYBRID ELECTRIC VEHICLE,10
81507,,100
81520,CONVERTIBLE,10
81520,DIESEL,770
81520,ELECTRIC VEHICLE,0
81520,FLEXIBLE,730
81520,GAS,10270
81520,HYBRID ELECTRIC VEHICLE,70
81520,PLUG IN HYBRID ELECTRIC VEHICLE,0
81520,,50
81521,COMPRESSED NATURAL GAS,0
81521,CONVERTIBLE,0
81521,DIESEL,1600
81521,ELECTRIC VEHICLE,0
81521,FLEXIBLE,1180
81521,GAS,12630
81521,HYBRID ELECTRIC VEHICLE,130
81521,PLUG IN HYBRID ELECTRIC VEHICLE,0
81521,,90
81522,COMPRESSED NATURAL GAS,0
81522,DIESEL,10
81522,FLEXIBLE,10
81522,GAS,130
81522,HYBRID ELECTRIC VEHICLE,0
81523,DIESEL,190
81523,ELECTRIC VEHICLE,0
81523,FLEXIBLE,60
81523,GAS,910
81523,HYBRID ELECTRIC VEHICLE,0
81523,PLUG IN HYBRID ELECTRIC VEHICLE,0
81523,,0
81524,CONVERTIBLE,0
81524,DIESEL,610
81524,ELECTRIC VEHICLE,0
81524,FLEXIBLE,220
81524,GAS,2020
81524,HYBRID ELECTRIC VEHICLE,10
81524,,20
81525,DIESEL,190
81525,FLEXIBLE,70
81525,GAS,760
81525,HYBRID ELECTRIC VEHICLE,0
81525,,0
81526,CONVERTIBLE,0
81526,DIESEL,580
81526,ELECTRIC VEHICLE,0
81526,FLEXIBLE,350
81526,GAS,4850
81526,HYBRID ELECTRIC VEHICLE,60
81526,PLUG IN HYBRID ELECTRIC VEHICLE,0
81526,,40
81527,DIESEL,460
81527,ELECTRIC VEHICLE,0
81527,FLEXIBLE,180
81527,GAS,2020
81527,HYBRID ELECTRIC VEHICLE,20
81527,,30
81601,COMPRESSED NATURAL GAS,0
81601,CONVERTIBLE,0
81601,DIESEL,1040
81601,ELECTRIC VEHICLE,10
81601,FLEXIBLE,1380
81601,GAS,14310
81601,HYBRID ELECTRIC VEHICLE,360
81601,PLUG IN HYBRID ELECTRIC VEHICLE,20
81601,,70
81602,DIESEL,20
81602,FLEXIBLE,10
81602,GAS,110
81602,HYBRID ELECTRIC VEHICLE,0
81602,PLUG IN HYBRID ELECTRIC VEHICLE,0
81602,,0
81610,CONVERTIBLE,0
81610,DIESEL,60
81610,FLEXIBLE,20
81610,GAS,340
81610,HYBRID ELECTRIC VEHICLE,0
81610,,0
81611,CONVERTIBLE,0
81611,DIESEL,370
81611,ELECTRIC VEHICLE,110
81611,FLEXIBLE,1210
81611,GAS,9490
81611,HYBRID ELECTRIC VEHICLE,280
81611,PLUG IN HYBRID ELECTRIC VEHICLE,20
81611,,80
81612,DIESEL,40
81612,ELECTRIC VEHICLE,0
81612,FLEXIBLE,100
81612,GAS,910
81612,HYBRID ELECTRIC VEHICLE,20
81612,PLUG IN HYBRID ELECTRIC VEHICLE,0
81612,,20
81615,DIESEL,70
81615,ELECTRIC VEHICLE,0
81615,FLEXIBLE,210
81615,GAS,1970
81615,HYBRID ELECTRIC VEHICLE,40
81615,PLUG IN HYBRID ELECTRIC VEHICLE,0
81615,,0
81620,CONVERTIBLE,0
81620,DIESEL,390
81620,ELECTRIC VEHICLE,10
81620,FLEXIBLE,900
81620,GAS,8860
81620,HYBRID ELECTRIC VEHICLE,100
81620,PLUG IN HYBRID ELECTRIC VEHICLE,10
81620,,20
81621,CONVERTIBLE,0
81621,DIESEL,400
81621,ELECTRIC VEHICLE,20
81621,FLEXIBLE,550
81621,GAS,5470
81621,HYBRID ELECTRIC VEHICLE,130
81621,PLUG IN HYBRID ELECTRIC VEHICLE,10
81621,,20
81623,CONVERTIBLE,0
81623,DIESEL,1270
81623,ELECTRIC VEHICLE,30
81623,FLEXIBLE,1290
81623,GAS,14140
81623,HYBRID ELECTRIC VEHICLE,360
81623,PLUG IN HYBRID ELECTRIC VEHICLE,20
81623,,70
81624,DIESEL,260
81624,FLEXIBLE,100
81624,GAS,1070
81624,HYBRID ELECTRIC VEHICLE,0
81624,,0
81625,COMPRESSED NATURAL GAS,0
81625,CONVERTIBLE,0
81625,DIESEL,1810
81625,ELECTRIC VEHICLE,0
81625,FLEXIBLE,1210
81625,GAS,10340
81625,HYBRID ELECTRIC VEHICLE,20
81625,PLUG IN HYBRID ELECTRIC VEHICLE,0
81625,,70
81626,DIESEL,50
81626,FLEXIBLE,10
81626,GAS,180
81626,,0
81630,DIESEL,210
81630,FLEXIBLE,100
81630,GAS,940
81630,HYBRID ELECTRIC VEHICLE,10
81630,,10
81631,DIESEL,660
81631,ELECTRIC VEHICLE,0
81631,FLEXIBLE,800
81631,GAS,7220
81631,HYBRID ELECTRIC VEHICLE,80
81631,PLUG IN HYBRID ELECTRIC VEHICLE,0
81631,,30
81632,DIESEL,530
81632,ELECTRIC VEHICLE,20
81632,FLEXIBLE,1000
81632,GAS,8290
81632,HYBRID ELECTRIC VEHICLE,120
81632,PLUG IN HYBRID ELECTRIC VEHICLE,10
81632,,30
81633,DIESEL,0
81633,GAS,0
81635,COMPRESSED NATURAL GAS,30
81635,CONVERTIBLE,0
81635,DIESEL,620
81635,FLEXIBLE,660
81635,GAS,5310
81635,HYBRID ELECTRIC VEHICLE,40
81635,PLUG IN HYBRID ELECTRIC VEHICLE,0
81635,,80
81636,GAS,0
81637,DIESEL,770
81637,ELECTRIC VEHICLE,0
81637,FLEXIBLE,640
81637,GAS,6900
81637,HYBRID ELECTRIC VEHICLE,130
81637,PLUG IN HYBRID ELECTRIC VEHICLE,0
81637,,40
81638,DIESEL,50
81638,FLEXIBLE,10
81638,GAS,160
81638,,0
81639,DIESEL,370
81639,FLEXIBLE,210
81639,GAS,2040
81639,HYBRID ELECTRIC VEHICLE,10
81639,PLUG IN HYBRID ELECTRIC VEHICLE,0
81639,,10
81640,DIESEL,80
81640,FLEXIBLE,10
81640,GAS,260
81640,HYBRID ELECTRIC VEHICLE,0
81640,,0
81641,CONVERTIBLE,0
81641,DIESEL,750
81641,FLEXIBLE,430
81641,GAS,3500
81641,HYBRID ELECTRIC VEHICLE,10
81641,PLUG IN HYBRID ELECTRIC VEHICLE,0
81641,,20
81642,DIESEL,0
81642,FLEXIBLE,0
81642,GAS,70
81642,HYBRID ELECTRIC VEHICLE,0
81643,DIESEL,160
81643,FLEXIBLE,50
81643,GAS,780
81643,HYBRID ELECTRIC VEHICLE,10
81643,,0
81645,DIESEL,90
81645,FLEXIBLE,110
81645,GAS,1200
81645,HYBRID ELECTRIC VEHICLE,10
81645,PLUG IN HYBRID ELECTRIC VEHICLE,0
81645,,10
81646,DIESEL,40
81646,FLEXIBLE,10
81646,GAS,160
81646,HYBRID ELECTRIC VEHICLE,0
81646,,0
81647,CONVERTIBLE,0
81647,DIESEL,610
81647,ELECTRIC VEHICLE,0
81647,FLEXIBLE,550
81647,GAS,6370
81647,HYBRID ELECTRIC VEHICLE,90
81647,PLUG IN HYBRID ELECTRIC VEHICLE,0
81647,,30
81648,CONVERTIBLE,0
81648,DIESEL,440
81648,FLEXIBLE,290
81648,GAS,2220
81648,HYBRID ELECTRIC VEHICLE,0
81648,,20
81649,DIESEL,20
81649,FLEXIBLE,10
81649,GAS,250
81649,HYBRID ELECTRIC VEHICLE,0
81649,,0
81650,CONVERTIBLE,0
81650,DIESEL,1530
81650,ELECTRIC VEHICLE,0
81650,FLEXIBLE,1180
81650,GAS,12040
81650,HYBRID ELECTRIC VEHICLE,110
81650,PLUG IN HYBRID ELECTRIC VEHICLE,0
81650,,80
81652,CONVERTIBLE,0
81652,DIESEL,930
81652,ELECTRIC VEHICLE,0
81652,FLEXIBLE,460
81652,GAS,5190
81652,HYBRID ELECTRIC VEHICLE,50
81652,PLUG IN HYBRID ELECTRIC VEHICLE,0
81652,,50
81653,DIESEL,0
81653,FLEXIBLE,0
81653,GAS,30
81654,DIESEL,100
81654,ELECTRIC VEHICLE,0
81654,FLEXIBLE,120
81654,GAS,1370
81654,HYBRID ELECTRIC VEHICLE,20
81654,PLUG IN HYBRID ELECTRIC VEHICLE,0
81654,,10
81655,DIESEL,60
81655,ELECTRIC VEHICLE,0
81655,FLEXIBLE,80
81655,GAS,530
81655,HYBRID ELECTRIC VEHICLE,0
81655,PLUG IN HYBRID ELECTRIC VEHICLE,0
81655,,0
81656,DIESEL,40
81656,ELECTRIC VEHICLE,0
81656,FLEXIBLE,40
81656,GAS,470
81656,HYBRID ELECTRIC VEHICLE,0
81656,,0
81657,CONVERTIBLE,0
81657,DIESEL,380
81657,ELECTRIC VEHICLE,30
81657,FLEXIBLE,850
81657,GAS,8020
81657,HYBRID ELECTRIC VEHICLE,110
81657,PLUG IN HYBRID ELECTRIC VEHICLE,10
81657,,40
81658,GAS,20
